Policy;Simulation;Stock Cost;Order Total Cost;Total Cost;Stock Out Rate (%);Alpha Service Level (%);Beta Service Level (%);Average Inventory Level;Stock Coverage (days);Total Demand;Total Stockout;Total SOH;Stockout Days;Total Days
Smin-Smax Policy;1;94973,0;123123330,08;123218303,08;0,35;99,73;99,65;5109,92;11,99;105252763,0;367685,0;1261669066,0;669;246906
Smin-Smax Policy;2;95395,47;123123330,08;123218725,55;0,41;99,71;99,59;5111,85;11,99;105252763,0;426901,0;1262145848,0;712;246906
Smin-Smax Policy;3;95801,8;123123330,08;123219131,88;0,39;99,7;99,61;5122,99;12,02;105252763,0;406294,0;1264897738,0;751;246906
Smin-Smax Policy;4;96780,28;123123330,08;123220110,36;0,42;99,71;99,58;5132,54;12,04;105252763,0;446890,0;1267254610,0;707;246906
Smin-Smax Policy;5;94735,98;123123330,08;123218066,06;0,4;99,7;99,6;5123,91;12,02;105252763,0;423177,0;1265125109,0;736;246906
Smin-Smax Policy;6;95101,67;123123330,08;123218431,75;0,44;99,7;99,56;5149,41;12,08;105252763,0;459728,0;1271420893,0;736;246906
Smin-Smax Policy;7;94831,07;123123330,08;123218161,15;0,39;99,69;99,61;5061,64;11,87;105252763,0;415420,0;1249748355,0;770;246906
Smin-Smax Policy;8;95624,69;123123330,08;123218954,77;0,37;99,72;99,63;5117,52;12,0;105252763,0;394268,0;1263547185,0;680;246906
Smin-Smax Policy;9;94893,91;123123330,08;123218223,99;0,4;99,71;99,6;5117,09;12,0;105252763,0;417662,0;1263440307,0;727;246906
Smin-Smax Policy;10;98300,04;123123330,08;123221630,12;0,46;99,7;99,54;5212,02;12,23;105252763,0;488545,0;1286879172,0;742;246906
Smin-Smax Policy;11;95363,44;123123330,08;123218693,52;0,35;99,7;99,65;5121,21;12,01;105252763,0;373154,0;1264456722,0;733;246906
Smin-Smax Policy;12;93804,32;123123330,08;123217134,4;0,48;99,72;99,52;5142,34;12,06;105252763,0;505458,0;1269675785,0;698;246906
Smin-Smax Policy;13;96894,81;123123330,08;123220224,89;0,41;99,71;99,59;5150,38;12,08;105252763,0;426796,0;1271659382,0;722;246906
Smin-Smax Policy;14;95561,83;123123330,08;123218891,91;0,5;99,68;99,5;5162,59;12,11;105252763,0;530703,0;1274674335,0;780;246906
Smin-Smax Policy;15;96555,4;123123330,08;123219885,48;0,39;99,69;99,61;5104,69;11,97;105252763,0;410384,0;1260378075,0;756;246906
Smin-Smax Policy;16;95440,55;123123330,08;123218770,63;0,49;99,71;99,51;5135,32;12,05;105252763,0;517718,0;1267940527,0;728;246906
Smin-Smax Policy;17;96143,07;123123330,08;123219473,15;0,39;99,7;99,61;5148,65;12,08;105252763,0;406741,0;1271232465,0;732;246906
Smin-Smax Policy;18;94517,06;123123330,08;123217847,14;0,49;99,7;99,51;5189,46;12,17;105252763,0;516274,0;1281308209,0;738;246906
Smin-Smax Policy;19;95193,0;123123330,08;123218523,08;0,42;99,71;99,58;5107,74;11,98;105252763,0;438573,0;1261131985,0;715;246906
Smin-Smax Policy;20;95443,16;123123330,08;123218773,24;0,38;99,71;99,62;5105,56;11,98;105252763,0;399051,0;1260592641,0;728;246906
Smin-Smax Policy;21;95967,83;123123330,08;123219297,91;0,48;99,72;99,52;5160,21;12,11;105252763,0;503103,0;1274087706,0;697;246906
Smin-Smax Policy;22;96711,79;123123330,08;123220041,87;0,47;99,71;99,53;5156,08;12,1;105252763,0;498560,0;1273068062,0;717;246906
Smin-Smax Policy;23;95287,12;123123330,08;123218617,2;0,39;99,71;99,61;5117,84;12,01;105252763,0;408705,0;1263624622,0;711;246906
Smin-Smax Policy;24;95341,91;123123330,08;123218671,99;0,4;99,72;99,6;5071,85;11,9;105252763,0;421701,0;1252269851,0;684;246906
Smin-Smax Policy;25;96688,68;123123330,08;123220018,76;0,38;99,71;99,62;5102,29;11,97;105252763,0;397024,0;1259787181,0;709;246906
Smin-Smax Policy;26;95634,15;123123330,08;123218964,23;0,51;99,72;99,49;5168,07;12,12;105252763,0;535576,0;1276028352,0;698;246906
Smin-Smax Policy;27;95363,45;123123330,08;123218693,53;0,45;99,71;99,55;5109,56;11,99;105252763,0;468384,0;1261580350,0;716;246906
Smin-Smax Policy;28;94235,96;123123330,08;123217566,04;0,42;99,7;99,58;5087,14;11,93;105252763,0;446280,0;1256044738,0;752;246906
Smin-Smax Policy;29;95482,6;123123330,08;123218812,68;0,32;99,72;99,68;5067,56;11,89;105252763,0;338007,0;1251212100,0;700;246906
Smin-Smax Policy;30;95128,49;123123330,08;123218458,57;0,51;99,7;99,49;5096,19;11,95;105252763,0;535240,0;1258279978,0;735;246906
Smin-Smax Policy;31;95567,94;123123330,08;123218898,02;0,42;99,7;99,58;5153,69;12,09;105252763,0;443580,0;1272476443,0;740;246906
Smin-Smax Policy;32;95647,31;123123330,08;123218977,39;0,35;99,71;99,65;5099,75;11,96;105252763,0;369476,0;1259158735,0;723;246906
Smin-Smax Policy;33;97141,53;123123330,08;123220471,61;0,45;99,71;99,55;5156,27;12,1;105252763,0;471663,0;1273112892,0;716;246906
Smin-Smax Policy;34;95164,05;123123330,08;123218494,13;0,38;99,7;99,62;5128,64;12,03;105252763,0;395633,0;1266291953,0;739;246906
Smin-Smax Policy;35;96482,94;123123330,08;123219813,02;0,45;99,71;99,55;5111,35;11,99;105252763,0;470650,0;1262023441,0;713;246906
Smin-Smax Policy;36;98956,44;123123330,08;123222286,52;0,5;99,71;99,5;5208,58;12,22;105252763,0;524793,0;1286030733,0;707;246906
Smin-Smax Policy;37;96025,14;123123330,08;123219355,22;0,43;99,68;99,57;5135,34;12,05;105252763,0;451585,0;1267946343,0;778;246906
Smin-Smax Policy;38;96861,94;123123330,08;123220192,02;0,5;99,71;99,5;5165,85;12,12;105252763,0;524834,0;1275478153,0;726;246906
Smin-Smax Policy;39;96273,63;123123330,08;123219603,71;0,47;99,71;99,53;5173,49;12,14;105252763,0;498663,0;1277365854,0;724;246906
Smin-Smax Policy;40;94412,62;123123330,08;123217742,7;0,38;99,71;99,62;5098,54;11,96;105252763,0;395774,0;1258860963,0;715;246906
Smin-Smax Policy;41;95100,28;123123330,08;123218430,36;0,44;99,7;99,56;5160,63;12,11;105252763,0;462867,0;1274190128,0;740;246906
Smin-Smax Policy;42;95642,01;123123330,08;123218972,09;0,45;99,7;99,55;5146,76;12,07;105252763,0;469512,0;1270765183,0;731;246906
Smin-Smax Policy;43;96043,81;123123330,08;123219373,89;0,49;99,69;99,51;5151,52;12,08;105252763,0;511108,0;1271940200,0;758;246906
Smin-Smax Policy;44;95543,3;123123330,08;123218873,38;0,46;99,71;99,54;5148,17;12,08;105252763,0;487153,0;1271113211,0;721;246906
Smin-Smax Policy;45;94500,51;123123330,08;123217830,59;0,39;99,71;99,61;5069,55;11,89;105252763,0;413458,0;1251703283,0;713;246906
Smin-Smax Policy;46;96278,79;123123330,08;123219608,87;0,45;99,7;99,55;5155,79;12,09;105252763,0;474669,0;1272995471,0;729;246906
Smin-Smax Policy;47;96581,43;123123330,08;123219911,51;0,48;99,71;99,52;5128,12;12,03;105252763,0;505325,0;1266162366,0;717;246906
Smin-Smax Policy;48;95398,28;123123330,08;123218728,36;0,51;99,69;99,49;5186,15;12,17;105252763,0;537508,0;1280492730,0;764;246906
Smin-Smax Policy;49;94819,3;123123330,08;123218149,38;0,41;99,71;99,59;5107,61;11,98;105252763,0;429260,0;1261099172,0;709;246906
Smin-Smax Policy;50;95253,12;123123330,08;123218583,2;0,38;99,7;99,62;5093,78;11,95;105252763,0;397078,0;1257685420,0;750;246906
Smin-Smax Policy;51;95955,18;123123330,08;123219285,26;0,36;99,69;99,64;5123,41;12,02;105252763,0;374203,0;1265000582,0;765;246906
Smin-Smax Policy;52;94531,98;123123330,08;123217862,06;0,46;99,7;99,54;5128,37;12,03;105252763,0;479829,0;1266225295,0;738;246906
Smin-Smax Policy;53;97140,65;123123330,08;123220470,73;0,43;99,71;99,57;5152,45;12,09;105252763,0;451779,0;1272170525,0;716;246906
Smin-Smax Policy;54;94600,86;123123330,08;123217930,94;0,34;99,7;99,66;5069,99;11,89;105252763,0;360641,0;1251811091,0;739;246906
Smin-Smax Policy;55;96233,84;123123330,08;123219563,92;0,38;99,7;99,62;5100,38;11,96;105252763,0;398909,0;1259315366,0;737;246906
Smin-Smax Policy;56;96556,57;123123330,08;123219886,65;0,43;99,69;99,57;5119,53;12,01;105252763,0;456234,0;1264043528,0;769;246906
Smin-Smax Policy;57;95252,56;123123330,08;123218582,64;0,44;99,69;99,56;5124,04;12,02;105252763,0;465203,0;1265157123,0;758;246906
Smin-Smax Policy;58;96434,25;123123330,08;123219764,33;0,46;99,68;99,54;5140,46;12,06;105252763,0;479981,0;1269209596,0;792;246906
Smin-Smax Policy;59;96015,65;123123330,08;123219345,73;0,49;99,69;99,51;5163,22;12,11;105252763,0;513332,0;1274829205,0;754;246906
Smin-Smax Policy;60;95695,59;123123330,08;123219025,67;0,34;99,71;99,66;5113,21;11,99;105252763,0;355919,0;1262482486,0;713;246906
Smin-Smax Policy;61;96425,41;123123330,08;123219755,49;0,38;99,69;99,62;5112,53;11,99;105252763,0;403207,0;1262313336,0;754;246906
Smin-Smax Policy;62;95984,25;123123330,08;123219314,33;0,41;99,71;99,59;5153,65;12,09;105252763,0;430161,0;1272467234,0;708;246906
Smin-Smax Policy;63;97023,04;123123330,08;123220353,12;0,6;99,72;99,4;5247,43;12,31;105252763,0;634932,0;1295622136,0;700;246906
Smin-Smax Policy;64;96058,79;123123330,08;123219388,87;0,41;99,7;99,59;5115,13;12,0;105252763,0;429127,0;1262957451,0;751;246906
Smin-Smax Policy;65;95093,42;123123330,08;123218423,5;0,32;99,71;99,68;5095,94;11,95;105252763,0;336829,0;1258217428,0;709;246906
Smin-Smax Policy;66;95376,7;123123330,08;123218706,78;0,35;99,7;99,65;5115,1;12,0;105252763,0;371605,0;1262949789,0;729;246906
Smin-Smax Policy;67;94219,92;123123330,08;123217550,0;0,34;99,71;99,66;5055,52;11,86;105252763,0;354054,0;1248237902,0;721;246906
Smin-Smax Policy;68;94855,37;123123330,08;123218185,45;0,47;99,72;99,53;5117,15;12,0;105252763,0;498302,0;1263454798,0;699;246906
Smin-Smax Policy;69;94665,43;123123330,08;123217995,51;0,37;99,69;99,63;5104,6;11,97;105252763,0;394567,0;1260355570,0;759;246906
Smin-Smax Policy;70;95684,07;123123330,08;123219014,15;0,44;99,7;99,56;5145,51;12,07;105252763,0;464680,0;1270457833,0;746;246906
Smin-Smax Policy;71;98605,24;123123330,08;123221935,32;0,68;99,7;99,32;5268,7;12,36;105252763,0;717843,0;1300874844,0;752;246906
Smin-Smax Policy;72;97017,03;123123330,08;123220347,11;0,51;99,71;99,49;5209,25;12,22;105252763,0;536702,0;1286194183,0;716;246906
Smin-Smax Policy;73;95039,98;123123330,08;123218370,06;0,37;99,71;99,63;5089,91;11,94;105252763,0;390904,0;1256728571,0;714;246906
Smin-Smax Policy;74;96794,3;123123330,08;123220124,38;0,42;99,69;99,58;5139,81;12,06;105252763,0;438890,0;1269048706,0;771;246906
Smin-Smax Policy;75;94783,71;123123330,08;123218113,79;0,39;99,71;99,61;5115,37;12,0;105252763,0;407092,0;1263014717,0;719;246906
Smin-Smax Policy;76;95103,07;123123330,08;123218433,15;0,35;99,71;99,65;5094,84;11,95;105252763,0;373512,0;1257946015,0;711;246906
Smin-Smax Policy;77;96047,91;123123330,08;123219377,99;0,58;99,71;99,42;5146,53;12,07;105252763,0;611168,0;1270708656,0;709;246906
Smin-Smax Policy;78;96964,36;123123330,08;123220294,44;0,44;99,71;99,56;5143,74;12,07;105252763,0;458157,0;1270020202,0;707;246906
Smin-Smax Policy;79;95747,74;123123330,08;123219077,82;0,34;99,72;99,66;5080,26;11,92;105252763,0;355896,0;1254346709,0;691;246906
Smin-Smax Policy;80;94222,81;123123330,08;123217552,89;0,36;99,7;99,64;5051,17;11,85;105252763,0;374357,0;1247163230,0;742;246906
Smin-Smax Policy;81;94770,56;123123330,08;123218100,64;0,42;99,72;99,58;5083,9;11,93;105252763,0;443319,0;1255246021,0;680;246906
Smin-Smax Policy;82;99109,4;123123330,08;123222439,48;0,39;99,7;99,61;5155,56;12,09;105252763,0;411550,0;1272938843,0;745;246906
Smin-Smax Policy;83;96846,59;123123330,08;123220176,67;0,49;99,7;99,51;5166,58;12,12;105252763,0;520301,0;1275660695,0;750;246906
Smin-Smax Policy;84;98376,82;123123330,08;123221706,9;0,54;99,7;99,46;5183,93;12,16;105252763,0;572546,0;1279942683,0;739;246906
Smin-Smax Policy;85;95578,77;123123330,08;123218908,85;0,4;99,69;99,6;5127,74;12,03;105252763,0;415832,0;1266070207,0;755;246906
Smin-Smax Policy;86;95672,3;123123330,08;123219002,38;0,39;99,71;99,61;5128,62;12,03;105252763,0;413326,0;1266288021,0;723;246906
Smin-Smax Policy;87;98037,99;123123330,08;123221368,07;0,54;99,69;99,46;5182,99;12,16;105252763,0;571607,0;1279710748,0;757;246906
Smin-Smax Policy;88;97927,58;123123330,08;123221257,66;0,44;99,72;99,56;5188,24;12,17;105252763,0;467912,0;1281006456,0;698;246906
Smin-Smax Policy;89;96718,4;123123330,08;123220048,48;0,41;99,71;99,59;5121,75;12,01;105252763,0;435416,0;1264590422,0;717;246906
Smin-Smax Policy;90;96917,36;123123330,08;123220247,44;0,51;99,72;99,49;5151,39;12,08;105252763,0;534928,0;1271908651,0;699;246906
Smin-Smax Policy;91;95526,66;123123330,08;123218856,74;0,38;99,71;99,62;5110,21;11,99;105252763,0;396258,0;1261741574,0;712;246906
Smin-Smax Policy;92;95533,38;123123330,08;123218863,46;0,39;99,7;99,61;5118,09;12,01;105252763,0;408835,0;1263686465,0;731;246906
Smin-Smax Policy;93;95169,24;123123330,08;123218499,32;0,45;99,7;99,55;5142,9;12,06;105252763,0;472732,0;1269812659,0;745;246906
Smin-Smax Policy;94;96794,16;123123330,08;123220124,24;0,52;99,7;99,48;5162,75;12,11;105252763,0;552142,0;1274712856,0;729;246906
Smin-Smax Policy;95;95514,38;123123330,08;123218844,46;0,39;99,68;99,61;5091,67;11,94;105252763,0;414624,0;1257163340,0;794;246906
Smin-Smax Policy;96;96541,9;123123330,08;123219871,98;0,43;99,7;99,57;5143,08;12,06;105252763,0;451942,0;1269858077,0;730;246906
Smin-Smax Policy;97;96395,2;123123330,08;123219725,28;0,4;99,71;99,6;5161,27;12,11;105252763,0;425033,0;1274349611,0;728;246906
Smin-Smax Policy;98;94613,98;123123330,08;123217944,06;0,36;99,71;99,64;5103,54;11,97;105252763,0;383162,0;1260094571,0;716;246906
Smin-Smax Policy;99;96486,82;123123330,08;123219816,9;0,44;99,71;99,56;5125,18;12,02;105252763,0;467547,0;1265437584,0;709;246906
Smin-Smax Policy;100;94840,97;123123330,08;123218171,05;0,73;99,7;99,27;5117,89;12,01;105252763,0;771358,0;1263636880,0;746;246906
Reorder Level Policy;1;47154,75;115627631,58;115674786,33;6,96;97,36;93,04;2157,94;5,06;105252763,0;7322873,0;532808680,0;6529;246906
Reorder Level Policy;2;47924,27;115627631,58;115675555,85;6,86;97,37;93,14;2165,31;5,08;105252763,0;7219591,0;534628582,0;6499;246906
Reorder Level Policy;3;46436,15;115627631,58;115674067,73;6,84;97,33;93,16;2150,76;5,05;105252763,0;7202018,0;531035171,0;6603;246906
Reorder Level Policy;4;48895,26;115627631,58;115676526,84;7,04;97,37;92,96;2219,83;5,21;105252763,0;7412043,0;548090517,0;6505;246906
Reorder Level Policy;5;47627,69;115627631,58;115675259,27;7,17;97,37;92,83;2182,95;5,12;105252763,0;7550406,0;538984455,0;6505;246906
Reorder Level Policy;6;48081,59;115627631,58;115675713,17;6,91;97,36;93,09;2183,2;5,12;105252763,0;7272384,0;539045673,0;6524;246906
Reorder Level Policy;7;47422,77;115627631,58;115675054,35;6,93;97,38;93,07;2164,77;5,08;105252763,0;7295250,0;534494503,0;6474;246906
Reorder Level Policy;8;46716,71;115627631,58;115674348,29;6,94;97,39;93,06;2151,34;5,05;105252763,0;7308634,0;531179561,0;6437;246906
Reorder Level Policy;9;47343,97;115627631,58;115674975,55;7,08;97,35;92,92;2169,02;5,09;105252763,0;7449000,0;535544374,0;6550;246906
Reorder Level Policy;10;47535,99;115627631,58;115675167,57;6,87;97,35;93,13;2172,38;5,1;105252763,0;7236113,0;536373605,0;6543;246906
Reorder Level Policy;11;48322,01;115627631,58;115675953,59;6,99;97,39;93,01;2193,02;5,14;105252763,0;7354588,0;541469274,0;6436;246906
Reorder Level Policy;12;48476,87;115627631,58;115676108,45;6,93;97,39;93,07;2191,44;5,14;105252763,0;7296674,0;541078798,0;6448;246906
Reorder Level Policy;13;47736,69;115627631,58;115675368,27;6,85;97,33;93,15;2161,41;5,07;105252763,0;7214170,0;533665231,0;6601;246906
Reorder Level Policy;14;47092,28;115627631,58;115674723,86;6,9;97,37;93,1;2141,24;5,02;105252763,0;7259756,0;528684904,0;6504;246906
Reorder Level Policy;15;46696,46;115627631,58;115674328,04;6,95;97,36;93,05;2151,23;5,05;105252763,0;7316110,0;531150471,0;6519;246906
Reorder Level Policy;16;48500,89;115627631,58;115676132,47;7,05;97,39;92,95;2210,0;5,18;105252763,0;7420511,0;545662141,0;6432;246906
Reorder Level Policy;17;47507,74;115627631,58;115675139,32;7,01;97,33;92,99;2145,26;5,03;105252763,0;7373944,0;529677984,0;6594;246906
Reorder Level Policy;18;47840,6;115627631,58;115675472,18;7,04;97,35;92,96;2197,56;5,16;105252763,0;7408975,0;542591243,0;6545;246906
Reorder Level Policy;19;47261,67;115627631,58;115674893,25;6,93;97,33;93,07;2145,57;5,03;105252763,0;7294523,0;529753725,0;6587;246906
Reorder Level Policy;20;47330,69;115627631,58;115674962,27;6,95;97,38;93,05;2147,95;5,04;105252763,0;7316923,0;530342612,0;6460;246906
Reorder Level Policy;21;47286,66;115627631,58;115674918,24;6,9;97,34;93,1;2153,37;5,05;105252763,0;7265126,0;531679799,0;6557;246906
Reorder Level Policy;22;49094,4;115627631,58;115676725,98;7,13;97,33;92,87;2219,62;5,21;105252763,0;7503128,0;548037619,0;6594;246906
Reorder Level Policy;23;47575,64;115627631,58;115675207,22;6,91;97,35;93,09;2146,76;5,04;105252763,0;7272422,0;530048829,0;6532;246906
Reorder Level Policy;24;47221,64;115627631,58;115674853,22;6,91;97,37;93,09;2166,36;5,08;105252763,0;7270561,0;534887220,0;6485;246906
Reorder Level Policy;25;47717,96;115627631,58;115675349,54;7,05;97,36;92,95;2181,67;5,12;105252763,0;7424052,0;538666470,0;6515;246906
Reorder Level Policy;26;47257,96;115627631,58;115674889,54;6,83;97,36;93,17;2144,75;5,03;105252763,0;7184865,0;529552433,0;6508;246906
Reorder Level Policy;27;47570,99;115627631,58;115675202,57;7,02;97,37;92,98;2162,22;5,07;105252763,0;7393596,0;533864321,0;6485;246906
Reorder Level Policy;28;47840,65;115627631,58;115675472,23;7,1;97,36;92,9;2205,02;5,17;105252763,0;7472074,0;544431994,0;6514;246906
Reorder Level Policy;29;48081,4;115627631,58;115675712,98;6,97;97,34;93,03;2214,51;5,19;105252763,0;7335695,0;546775220,0;6558;246906
Reorder Level Policy;30;48583,98;115627631,58;115676215,56;7,01;97,38;92,99;2208,65;5,18;105252763,0;7375282,0;545327731,0;6457;246906
Reorder Level Policy;31;47918,37;115627631,58;115675549,95;7,11;97,33;92,89;2165,8;5,08;105252763,0;7488328,0;534749831,0;6601;246906
Reorder Level Policy;32;47740,83;115627631,58;115675372,41;7,13;97,35;92,87;2193,07;5,14;105252763,0;7500081,0;541481556,0;6532;246906
Reorder Level Policy;33;47765,79;115627631,58;115675397,37;7,07;97,35;92,93;2173,52;5,1;105252763,0;7439157,0;536655819,0;6555;246906
Reorder Level Policy;34;46884,97;115627631,58;115674516,55;6,99;97,34;93,01;2186,28;5,13;105252763,0;7355777,0;539806840,0;6561;246906
Reorder Level Policy;35;47911,77;115627631,58;115675543,35;6,99;97,38;93,01;2163,86;5,08;105252763,0;7355465,0;534269600,0;6478;246906
Reorder Level Policy;36;47685,54;115627631,58;115675317,12;6,98;97,37;93,02;2174,67;5,1;105252763,0;7343615,0;536938453,0;6493;246906
Reorder Level Policy;37;46530,88;115627631,58;115674162,46;6,91;97,3;93,09;2127,85;4,99;105252763,0;7274307,0;525377810,0;6664;246906
Reorder Level Policy;38;47012,25;115627631,58;115674643,83;6,91;97,32;93,09;2172,62;5,1;105252763,0;7274497,0;536434080,0;6611;246906
Reorder Level Policy;39;48223,17;115627631,58;115675854,75;6,93;97,34;93,07;2159,52;5,07;105252763,0;7293364,0;533199203,0;6570;246906
Reorder Level Policy;40;47423,01;115627631,58;115675054,59;7,02;97,34;92,98;2227,15;5,22;105252763,0;7391306,0;549896626,0;6561;246906
Reorder Level Policy;41;48016,73;115627631,58;115675648,31;7,0;97,36;93,0;2160,03;5,07;105252763,0;7367327,0;533324326,0;6507;246906
Reorder Level Policy;42;47517,5;115627631,58;115675149,08;6,99;97,35;93,01;2210,41;5,19;105252763,0;7354230,0;545762803,0;6548;246906
Reorder Level Policy;43;47271,22;115627631,58;115674902,8;6,95;97,36;93,05;2152,99;5,05;105252763,0;7310736,0;531587276,0;6519;246906
Reorder Level Policy;44;46952,11;115627631,58;115674583,69;6,84;97,37;93,16;2137,61;5,01;105252763,0;7195820,0;527788307,0;6486;246906
Reorder Level Policy;45;48136,95;115627631,58;115675768,53;7,01;97,35;92,99;2182,07;5,12;105252763,0;7378948,0;538766423,0;6535;246906
Reorder Level Policy;46;47528,76;115627631,58;115675160,34;7,02;97,36;92,98;2175,63;5,1;105252763,0;7387200,0;537176499,0;6517;246906
Reorder Level Policy;47;47995,6;115627631,58;115675627,18;7,11;97,34;92,89;2188,32;5,13;105252763,0;7480728,0;540308927,0;6566;246906
Reorder Level Policy;48;46955,65;115627631,58;115674587,23;6,93;97,32;93,07;2159,4;5,07;105252763,0;7290634,0;533169564,0;6605;246906
Reorder Level Policy;49;48928,97;115627631,58;115676560,55;7,05;97,33;92,95;2233,29;5,24;105252763,0;7415654,0;551413444,0;6599;246906
Reorder Level Policy;50;46819,9;115627631,58;115674451,48;6,91;97,35;93,09;2154,18;5,05;105252763,0;7271129,0;531878774,0;6553;246906
Reorder Level Policy;51;47196,8;115627631,58;115674828,38;6,83;97,3;93,17;2154,63;5,05;105252763,0;7188088,0;531992035,0;6661;246906
Reorder Level Policy;52;48950,36;115627631,58;115676581,94;7,08;97,36;92,92;2202,95;5,17;105252763,0;7454753,0;543920399,0;6523;246906
Reorder Level Policy;53;47670,18;115627631,58;115675301,76;7,0;97,36;93,0;2175,3;5,1;105252763,0;7366601,0;537094531,0;6510;246906
Reorder Level Policy;54;47953,52;115627631,58;115675585,1;7,06;97,38;92,94;2197,09;5,15;105252763,0;7435301,0;542475530,0;6461;246906
Reorder Level Policy;55;48994,27;115627631,58;115676625,85;7,07;97,38;92,93;2220,86;5,21;105252763,0;7439258,0;548344751,0;6470;246906
Reorder Level Policy;56;47543,79;115627631,58;115675175,37;6,88;97,39;93,12;2161,42;5,07;105252763,0;7236404,0;533666941,0;6451;246906
Reorder Level Policy;57;47912,41;115627631,58;115675543,99;7,09;97,34;92,91;2184,91;5,13;105252763,0;7465741,0;539466362,0;6558;246906
Reorder Level Policy;58;48240,35;115627631,58;115675871,93;7,02;97,33;92,98;2215,12;5,2;105252763,0;7383975,0;546926217,0;6594;246906
Reorder Level Policy;59;47165,55;115627631,58;115674797,13;6,99;97,4;93,01;2150,58;5,04;105252763,0;7354282,0;530991485,0;6408;246906
Reorder Level Policy;60;46698,04;115627631,58;115674329,62;6,79;97,35;93,21;2154,74;5,05;105252763,0;7143081,0;532019022,0;6540;246906
Reorder Level Policy;61;48533,08;115627631,58;115676164,66;7,21;97,37;92,79;2233,27;5,24;105252763,0;7590659,0;551408253,0;6501;246906
Reorder Level Policy;62;46821,82;115627631,58;115674453,4;6,97;97,37;93,03;2147,91;5,04;105252763,0;7337736,0;530332440,0;6482;246906
Reorder Level Policy;63;47302,9;115627631,58;115674934,48;6,99;97,34;93,01;2177,19;5,11;105252763,0;7360337,0;537561263,0;6559;246906
Reorder Level Policy;64;47951,3;115627631,58;115675582,88;6,93;97,33;93,07;2153,88;5,05;105252763,0;7293174,0;531806191,0;6598;246906
Reorder Level Policy;65;46597,41;115627631,58;115674228,99;6,83;97,34;93,17;2146,77;5,04;105252763,0;7187078,0;530050854,0;6571;246906
Reorder Level Policy;66;46413,09;115627631,58;115674044,67;7,08;97,34;92,92;2177,13;5,11;105252763,0;7448031,0;537547484,0;6569;246906
Reorder Level Policy;67;48731,67;115627631,58;115676363,25;6,98;97,37;93,02;2169,02;5,09;105252763,0;7343232,0;535543101,0;6504;246906
Reorder Level Policy;68;49114,25;115627631,58;115676745,83;7,25;97,36;92,75;2228,42;5,23;105252763,0;7629961,0;550210971,0;6521;246906
Reorder Level Policy;69;47684,51;115627631,58;115675316,09;6,99;97,38;93,01;2189,94;5,14;105252763,0;7356689,0;540708410,0;6460;246906
Reorder Level Policy;70;47439,7;115627631,58;115675071,28;6,94;97,31;93,06;2206,85;5,18;105252763,0;7304506,0;544884392,0;6642;246906
Reorder Level Policy;71;47776,99;115627631,58;115675408,57;6,92;97,35;93,08;2165,42;5,08;105252763,0;7285720,0;534655379,0;6550;246906
Reorder Level Policy;72;48081,69;115627631,58;115675713,27;6,97;97,34;93,03;2176,64;5,11;105252763,0;7332379,0;537426541,0;6579;246906
Reorder Level Policy;73;47319,72;115627631,58;115674951,3;6,86;97,38;93,14;2143,36;5,03;105252763,0;7216992,0;529207597,0;6470;246906
Reorder Level Policy;74;48168,5;115627631,58;115675800,08;7,02;97,41;92,98;2191,25;5,14;105252763,0;7387306,0;541032825,0;6393;246906
Reorder Level Policy;75;48562,25;115627631,58;115676193,83;6,93;97,36;93,07;2200,57;5,16;105252763,0;7291085,0;543334846,0;6526;246906
Reorder Level Policy;76;48031,91;115627631,58;115675663,49;6,86;97,37;93,14;2161,31;5,07;105252763,0;7220347,0;533640157,0;6487;246906
Reorder Level Policy;77;46875,32;115627631,58;115674506,9;6,93;97,36;93,07;2163,18;5,07;105252763,0;7292305,0;534101573,0;6530;246906
Reorder Level Policy;78;48068,94;115627631,58;115675700,52;6,89;97,37;93,11;2148,58;5,04;105252763,0;7249714,0;530497668,0;6504;246906
Reorder Level Policy;79;48029,6;115627631,58;115675661,18;6,97;97,32;93,03;2163,22;5,07;105252763,0;7332875,0;534112582,0;6623;246906
Reorder Level Policy;80;48441,09;115627631,58;115676072,67;7,07;97,37;92,93;2189,66;5,14;105252763,0;7441981,0;540640521,0;6488;246906
Reorder Level Policy;81;48158,91;115627631,58;115675790,49;7,24;97,33;92,76;2226,83;5,22;105252763,0;7624669,0;549818783,0;6583;246906
Reorder Level Policy;82;46957,02;115627631,58;115674588,6;6,96;97,36;93,04;2144,07;5,03;105252763,0;7330636,0;529383052,0;6527;246906
Reorder Level Policy;83;46885,51;115627631,58;115674517,09;6,91;97,34;93,09;2156,98;5,06;105252763,0;7274264,0;532571218,0;6572;246906
Reorder Level Policy;84;48291,89;115627631,58;115675923,47;6,99;97,35;93,01;2157,01;5,06;105252763,0;7352654,0;532579448,0;6554;246906
Reorder Level Policy;85;48089,25;115627631,58;115675720,83;6,9;97,36;93,1;2163,37;5,07;105252763,0;7267344,0;534148046,0;6511;246906
Reorder Level Policy;86;47322,92;115627631,58;115674954,5;6,9;97,39;93,1;2148,6;5,04;105252763,0;7267113,0;530503357,0;6443;246906
Reorder Level Policy;87;48049,47;115627631,58;115675681,05;6,95;97,39;93,05;2165,53;5,08;105252763,0;7310267,0;534683274,0;6454;246906
Reorder Level Policy;88;48464,62;115627631,58;115676096,2;7,06;97,36;92,94;2210,37;5,19;105252763,0;7425818,0;545754438,0;6519;246906
Reorder Level Policy;89;47236,46;115627631,58;115674868,04;6,88;97,37;93,12;2172,09;5,1;105252763,0;7240776,0;536302467,0;6496;246906
Reorder Level Policy;90;47303,92;115627631,58;115674935,5;6,91;97,38;93,09;2142,89;5,03;105252763,0;7270697,0;529091431,0;6469;246906
Reorder Level Policy;91;47968,76;115627631,58;115675600,34;7,03;97,39;92,97;2182,29;5,12;105252763,0;7401401,0;538820022,0;6439;246906
Reorder Level Policy;92;48046,44;115627631,58;115675678,02;7,11;97,34;92,89;2200,95;5,16;105252763,0;7481709,0;543427525,0;6561;246906
Reorder Level Policy;93;47628,5;115627631,58;115675260,08;7,05;97,35;92,95;2186,37;5,13;105252763,0;7418236,0;539828289,0;6545;246906
Reorder Level Policy;94;47181,78;115627631,58;115674813,36;6,92;97,33;93,08;2140,97;5,02;105252763,0;7280115,0;528619150,0;6587;246906
Reorder Level Policy;95;47620,88;115627631,58;115675252,46;7,02;97,34;92,98;2169,43;5,09;105252763,0;7386080,0;535644763,0;6562;246906
Reorder Level Policy;96;48485,19;115627631,58;115676116,77;7,02;97,39;92,98;2218,66;5,2;105252763,0;7386950,0;547800382,0;6445;246906
Reorder Level Policy;97;47445,21;115627631,58;115675076,79;7,07;97,37;92,93;2178,15;5,11;105252763,0;7442107,0;537798987,0;6488;246906
Reorder Level Policy;98;48235,72;115627631,58;115675867,3;7,03;97,29;92,97;2197,79;5,16;105252763,0;7395101,0;542648454,0;6691;246906
Reorder Level Policy;99;48361,65;115627631,58;115675993,23;7,09;97,38;92,91;2207,95;5,18;105252763,0;7467277,0;545155120,0;6463;246906
Reorder Level Policy;100;47566,05;115627631,58;115675197,63;7,07;97,39;92,93;2204,81;5,17;105252763,0;7439502,0;544381325,0;6447;246906
Order Cycle Policy;1;65351,97;123713630,23;123778982,2;1,82;99,07;98,18;3329,7;7,81;105252763,0;1911392,0;822121881,0;2285;246906
Order Cycle Policy;2;63991,44;123713630,23;123777621,67;1,84;99,09;98,16;3331,71;7,82;105252763,0;1938711,0;822618657,0;2254;246906
Order Cycle Policy;3;65016,36;123713630,23;123778646,59;1,89;99,05;98,11;3396,02;7,97;105252763,0;1984332,0;838498462,0;2344;246906
Order Cycle Policy;4;63550,71;123713630,23;123777180,94;1,71;99,06;98,29;3290,42;7,72;105252763,0;1803217,0;812425155,0;2311;246906
Order Cycle Policy;5;66637,65;123713630,23;123780267,88;2,05;99,09;97,95;3466,75;8,13;105252763,0;2156403,0;855962599,0;2242;246906
Order Cycle Policy;6;66130,5;123713630,23;123779760,73;1,91;99,1;98,09;3475,62;8,15;105252763,0;2009398,0;858151943,0;2226;246906
Order Cycle Policy;7;66012,55;123713630,23;123779642,78;1,92;99,04;98,08;3406,1;7,99;105252763,0;2018887,0;840986773,0;2358;246906
Order Cycle Policy;8;65123,49;123713630,23;123778753,72;1,94;99,08;98,06;3415,2;8,01;105252763,0;2036735,0;843234307,0;2263;246906
Order Cycle Policy;9;65503,84;123713630,23;123779134,07;1,96;99,08;98,04;3436,59;8,06;105252763,0;2067818,0;848515221,0;2270;246906
Order Cycle Policy;10;64668,64;123713630,23;123778298,87;1,69;99,09;98,31;3287,12;7,71;105252763,0;1778329,0;811608928,0;2250;246906
Order Cycle Policy;11;64614,12;123713630,23;123778244,35;1,82;99,1;98,18;3380,24;7,93;105252763,0;1910793,0;834601244,0;2218;246906
Order Cycle Policy;12;64497,92;123713630,23;123778128,15;1,79;99,08;98,21;3295,77;7,73;105252763,0;1885173,0;813745464,0;2277;246906
Order Cycle Policy;13;63977,8;123713630,23;123777608,03;1,74;99,09;98,26;3273,59;7,68;105252763,0;1831671,0;808268825,0;2257;246906
Order Cycle Policy;14;64181,88;123713630,23;123777812,11;1,93;99,1;98,07;3349,87;7,86;105252763,0;2029325,0;827102417,0;2224;246906
Order Cycle Policy;15;63879,08;123713630,23;123777509,31;1,66;99,09;98,34;3284,56;7,71;105252763,0;1750949,0;810977909,0;2254;246906
Order Cycle Policy;16;64295,7;123713630,23;123777925,93;1,91;99,1;98,09;3380,34;7,93;105252763,0;2012975,0;834625729,0;2218;246906
Order Cycle Policy;17;63615,64;123713630,23;123777245,87;1,8;99,09;98,2;3314,85;7,78;105252763,0;1896541,0;818456304,0;2240;246906
Order Cycle Policy;18;65623,65;123713630,23;123779253,88;1,77;99,07;98,23;3330,03;7,81;105252763,0;1865752,0;822204600,0;2287;246906
Order Cycle Policy;19;65813,3;123713630,23;123779443,54;1,99;99,06;98,01;3434,76;8,06;105252763,0;2093140,0;848062704,0;2329;246906
Order Cycle Policy;20;64864,16;123713630,23;123778494,39;1,89;99,1;98,11;3341,6;7,84;105252763,0;1986416,0;825062167,0;2229;246906
Order Cycle Policy;21;64308,68;123713630,23;123777938,91;1,81;99,07;98,19;3317,89;7,78;105252763,0;1906561,0;819207311,0;2301;246906
Order Cycle Policy;22;65024,03;123713630,23;123778654,26;2,05;99,09;97,95;3389,23;7,95;105252763,0;2160501,0;836820266,0;2255;246906
Order Cycle Policy;23;66625,79;123713630,23;123780256,02;1,94;99,11;98,06;3395,54;7,97;105252763,0;2039124,0;838378358,0;2188;246906
Order Cycle Policy;24;65814,03;123713630,23;123779444,26;1,88;99,1;98,12;3369,95;7,91;105252763,0;1982098,0;832061226,0;2220;246906
Order Cycle Policy;25;66012,94;123713630,23;123779643,17;1,96;99,07;98,04;3443,23;8,08;105252763,0;2061389,0;850154335,0;2305;246906
Order Cycle Policy;26;63768,38;123713630,23;123777398,61;1,84;99,09;98,16;3325,42;7,8;105252763,0;1936377,0;821065212,0;2252;246906
Order Cycle Policy;27;65009,51;123713630,23;123778639,74;1,89;99,13;98,11;3414,91;8,01;105252763,0;1984310,0;843160630,0;2145;246906
Order Cycle Policy;28;64539,12;123713630,23;123778169,35;1,75;99,09;98,25;3316,88;7,78;105252763,0;1837515,0;818957894,0;2254;246906
Order Cycle Policy;29;65244,87;123713630,23;123778875,1;1,78;99,09;98,22;3363,37;7,89;105252763,0;1874302,0;830436510,0;2235;246906
Order Cycle Policy;30;64968,69;123713630,23;123778598,92;1,88;99,09;98,12;3380,6;7,93;105252763,0;1979174,0;834691614,0;2240;246906
Order Cycle Policy;31;64160,72;123713630,23;123777790,95;1,97;99,07;98,03;3369,06;7,9;105252763,0;2069209,0;831841098,0;2301;246906
Order Cycle Policy;32;65525,98;123713630,23;123779156,21;1,94;99,08;98,06;3389,48;7,95;105252763,0;2039997,0;836882776,0;2277;246906
Order Cycle Policy;33;64333,84;123713630,23;123777964,07;1,77;99,09;98,23;3327,56;7,81;105252763,0;1863940,0;821594621,0;2249;246906
Order Cycle Policy;34;65906,01;123713630,23;123779536,24;1,87;99,06;98,13;3364,82;7,89;105252763,0;1972682,0;830793568,0;2322;246906
Order Cycle Policy;35;64114,08;123713630,23;123777744,31;1,86;99,06;98,14;3326,97;7,8;105252763,0;1957228,0;821448944,0;2309;246906
Order Cycle Policy;36;66205,27;123713630,23;123779835,5;1,87;99,11;98,13;3422,6;8,03;105252763,0;1964921,0;845061174,0;2209;246906
Order Cycle Policy;37;65454,19;123713630,23;123779084,42;1,95;99,09;98,05;3392,38;7,96;105252763,0;2050463,0;837598277,0;2255;246906
Order Cycle Policy;38;64469,4;123713630,23;123778099,63;1,84;99,08;98,16;3366,67;7,9;105252763,0;1937370,0;831252128,0;2278;246906
Order Cycle Policy;39;64415,16;123713630,23;123778045,39;1,83;99,07;98,17;3336,12;7,83;105252763,0;1930395,0;823708294,0;2302;246906
Order Cycle Policy;40;65144,69;123713630,23;123778774,92;1,88;99,08;98,12;3353,94;7,87;105252763,0;1983159,0;828107850,0;2261;246906
Order Cycle Policy;41;64932,46;123713630,23;123778562,69;1,78;99,09;98,22;3357,41;7,88;105252763,0;1876331,0;828964853,0;2242;246906
Order Cycle Policy;42;64860,24;123713630,23;123778490,47;1,8;99,06;98,2;3329,68;7,81;105252763,0;1890236,0;822117570,0;2330;246906
Order Cycle Policy;43;64992,3;123713630,23;123778622,53;1,99;99,07;98,01;3401,36;7,98;105252763,0;2098631,0;839815870,0;2293;246906
Order Cycle Policy;44;65902,98;123713630,23;123779533,21;2,0;99,07;98,0;3465,76;8,13;105252763,0;2108115,0;855717016,0;2305;246906
Order Cycle Policy;45;65437,4;123713630,23;123779067,63;1,93;99,1;98,07;3404,33;7,99;105252763,0;2028388,0;840548427,0;2218;246906
Order Cycle Policy;46;65201,06;123713630,23;123778831,29;2,05;99,07;97,95;3411,71;8,0;105252763,0;2159137,0;842372061,0;2290;246906
Order Cycle Policy;47;65125,54;123713630,23;123778755,77;1,85;99,12;98,15;3329,75;7,81;105252763,0;1948673,0;822136231,0;2177;246906
Order Cycle Policy;48;63991,15;123713630,23;123777621,38;1,78;99,09;98,22;3292,64;7,72;105252763,0;1872880,0;812972166,0;2235;246906
Order Cycle Policy;49;64991,65;123713630,23;123778621,88;1,82;99,07;98,18;3349,34;7,86;105252763,0;1917548,0;826972565,0;2298;246906
Order Cycle Policy;50;65327,16;123713630,23;123778957,39;1,87;99,07;98,13;3386,74;7,94;105252763,0;1965038,0;836205637,0;2300;246906
Order Cycle Policy;51;64556,29;123713630,23;123778186,52;1,76;99,1;98,24;3304,41;7,75;105252763,0;1857562,0;815879603,0;2225;246906
Order Cycle Policy;52;63952,92;123713630,23;123777583,15;1,82;99,1;98,18;3329,36;7,81;105252763,0;1916701,0;822038644,0;2227;246906
Order Cycle Policy;53;66198,13;123713630,23;123779828,37;1,93;99,08;98,07;3406,43;7,99;105252763,0;2029971,0;841068409,0;2275;246906
Order Cycle Policy;54;64987,78;123713630,23;123778618,01;1,9;99,07;98,1;3352,33;7,86;105252763,0;2001737,0;827709602,0;2298;246906
Order Cycle Policy;55;65752,42;123713630,23;123779382,65;1,88;99,07;98,12;3361,59;7,89;105252763,0;1983254,0;829997694,0;2307;246906
Order Cycle Policy;56;65154,35;123713630,23;123778784,58;1,88;99,09;98,12;3349,71;7,86;105252763,0;1973848,0;827063667,0;2239;246906
Order Cycle Policy;57;65640,21;123713630,23;123779270,44;1,89;99,06;98,11;3379,87;7,93;105252763,0;1991661,0;834510617,0;2322;246906
Order Cycle Policy;58;65461,09;123713630,23;123779091,32;1,89;99,07;98,11;3373,21;7,91;105252763,0;1985262,0;832866070,0;2305;246906
Order Cycle Policy;59;65219,66;123713630,23;123778849,89;1,83;99,08;98,17;3334,57;7,82;105252763,0;1923801,0;823324368,0;2274;246906
Order Cycle Policy;60;64500,23;123713630,23;123778130,46;1,74;99,09;98,26;3323,65;7,8;105252763,0;1833900,0;820629046,0;2249;246906
Order Cycle Policy;61;65716,83;123713630,23;123779347,06;1,8;99,1;98,2;3362,47;7,89;105252763,0;1893522,0;830215022,0;2234;246906
Order Cycle Policy;62;65024,8;123713630,23;123778655,03;1,86;99,12;98,14;3343,54;7,84;105252763,0;1958839,0;825541093,0;2169;246906
Order Cycle Policy;63;64822,98;123713630,23;123778453,21;1,81;99,13;98,19;3370,14;7,91;105252763,0;1907017,0;832108091,0;2154;246906
Order Cycle Policy;64;64940,34;123713630,23;123778570,57;1,8;99,07;98,2;3313,79;7,77;105252763,0;1896481,0;818194184,0;2285;246906
Order Cycle Policy;65;64692,79;123713630,23;123778323,02;1,83;99,09;98,17;3353,23;7,87;105252763,0;1922316,0;827933568,0;2249;246906
Order Cycle Policy;66;64942,43;123713630,23;123778572,66;1,85;99,1;98,15;3351,73;7,86;105252763,0;1947032,0;827562587,0;2234;246906
Order Cycle Policy;67;65625,45;123713630,23;123779255,68;1,76;99,05;98,24;3340,21;7,84;105252763,0;1856992,0;824718034,0;2340;246906
Order Cycle Policy;68;65607,08;123713630,23;123779237,31;1,88;99,09;98,12;3406,23;7,99;105252763,0;1974515,0;841019329,0;2239;246906
Order Cycle Policy;69;66160,46;123713630,23;123779790,69;2,03;99,08;97,97;3438,02;8,07;105252763,0;2136559,0;848868308,0;2270;246906
Order Cycle Policy;70;65095,59;123713630,23;123778725,82;1,72;99,1;98,28;3332,73;7,82;105252763,0;1811856,0;822870435,0;2223;246906
Order Cycle Policy;71;65330,36;123713630,23;123778960,59;1,87;99,1;98,13;3371,27;7,91;105252763,0;1969753,0;832386875,0;2233;246906
Order Cycle Policy;72;65470,51;123713630,23;123779100,74;1,91;99,07;98,09;3383,86;7,94;105252763,0;2006819,0;835495355,0;2290;246906
Order Cycle Policy;73;65318,61;123713630,23;123778948,84;1,85;99,1;98,15;3362,92;7,89;105252763,0;1943185,0;830324042,0;2226;246906
Order Cycle Policy;74;65209,14;123713630,23;123778839,37;1,88;99,06;98,12;3365,28;7,89;105252763,0;1974855,0;830908348,0;2322;246906
Order Cycle Policy;75;65739,26;123713630,23;123779369,49;1,87;99,09;98,13;3373,94;7,91;105252763,0;1965004,0;833046513,0;2236;246906
Order Cycle Policy;76;67322,09;123713630,23;123780952,32;1,99;99,05;98,01;3453,25;8,1;105252763,0;2099718,0;852629087,0;2349;246906
Order Cycle Policy;77;65951,65;123713630,23;123779581,88;1,93;99,1;98,07;3441,99;8,07;105252763,0;2029807,0;849849075,0;2229;246906
Order Cycle Policy;78;64516,31;123713630,23;123778146,54;1,81;99,09;98,19;3306,87;7,76;105252763,0;1903633,0;816486309,0;2253;246906
Order Cycle Policy;79;66025,95;123713630,23;123779656,18;2,11;99,09;97,89;3465,77;8,13;105252763,0;2225316,0;855718300,0;2237;246906
Order Cycle Policy;80;66295,69;123713630,23;123779925,92;1,98;99,09;98,02;3419,73;8,02;105252763,0;2088201,0;844350704,0;2237;246906
Order Cycle Policy;81;65013,9;123713630,23;123778644,13;1,85;99,08;98,15;3353,43;7,87;105252763,0;1949224,0;827981792,0;2279;246906
Order Cycle Policy;82;64704,95;123713630,23;123778335,18;1,89;99,12;98,11;3378,45;7,93;105252763,0;1993966,0;834159165,0;2178;246906
Order Cycle Policy;83;65280,04;123713630,23;123778910,27;1,94;99,08;98,06;3389,17;7,95;105252763,0;2042403,0;836805364,0;2272;246906
Order Cycle Policy;84;64209,86;123713630,23;123777840,09;1,77;99,07;98,23;3306,17;7,76;105252763,0;1863526,0;816313257,0;2288;246906
Order Cycle Policy;85;65259,29;123713630,23;123778889,52;1,87;99,07;98,13;3373,33;7,91;105252763,0;1971181,0;832894377,0;2288;246906
Order Cycle Policy;86;65780,6;123713630,23;123779410,83;2,13;99,07;97,87;3436,42;8,06;105252763,0;2236665,0;848471782,0;2294;246906
Order Cycle Policy;87;64165,23;123713630,23;123777795,46;1,83;99,06;98,17;3298,64;7,74;105252763,0;1928582,0;814454372,0;2309;246906
Order Cycle Policy;88;65000,95;123713630,23;123778631,18;1,98;99,08;98,02;3444,23;8,08;105252763,0;2084961,0;850400459,0;2263;246906
Order Cycle Policy;89;65825,02;123713630,23;123779455,25;1,9;99,08;98,1;3423,06;8,03;105252763,0;1999341,0;845174595,0;2269;246906
Order Cycle Policy;90;63973,36;123713630,23;123777603,59;1,82;99,1;98,18;3328,56;7,81;105252763,0;1913888,0;821840793,0;2231;246906
Order Cycle Policy;91;66790,96;123713630,23;123780421,19;1,96;99,08;98,04;3440,0;8,07;105252763,0;2065763,0;849356929,0;2283;246906
Order Cycle Policy;92;65015,03;123713630,23;123778645,26;1,98;99,13;98,02;3378,52;7,93;105252763,0;2087437,0;834176359,0;2146;246906
Order Cycle Policy;93;65697,35;123713630,23;123779327,58;1,9;99,07;98,1;3375,94;7,92;105252763,0;1999659,0;833538997,0;2299;246906
Order Cycle Policy;94;65089,95;123713630,23;123778720,18;1,89;99,06;98,11;3374,89;7,92;105252763,0;1985875,0;833279570,0;2330;246906
Order Cycle Policy;95;65276,5;123713630,23;123778906,74;1,86;99,08;98,14;3350,57;7,86;105252763,0;1956219,0;827276916,0;2265;246906
Order Cycle Policy;96;66206,11;123713630,23;123779836,34;1,98;99,12;98,02;3431,22;8,05;105252763,0;2079904,0;847189373,0;2176;246906
Order Cycle Policy;97;66655,03;123713630,23;123780285,26;2,1;99,11;97,9;3438,73;8,07;105252763,0;2214605,0;849043195,0;2208;246906
Order Cycle Policy;98;65535,23;123713630,23;123779165,46;1,96;99,06;98,04;3412,8;8,01;105252763,0;2062518,0;842641462,0;2312;246906
Order Cycle Policy;99;64597,75;123713630,23;123778227,98;1,77;99,09;98,23;3333,8;7,82;105252763,0;1865935,0;823134170,0;2251;246906
Order Cycle Policy;100;65796,13;123713630,23;123779426,37;1,74;99,08;98,26;3348,27;7,85;105252763,0;1836042,0;826706735,0;2275;246906
