SKU;Stock Cost;Stockout Rate;Alpha Service Level;Beta Service Level;Average Inventory Level;Stock Coverage (days)
AARC08EBQ;39,63;30,49;99,49;69,51;499,76;50,28
ABQX30YRP;14,8;3,29;98,99;96,71;217,41;17,7
ABYM76DAT;14,67;0,0;100,0;100,0;351,18;39,51
ABZC45IMI;37,49;42,2;87,37;57,8;786,12;5,18
ABZO08CDK;43,84;1,16;97,98;98,84;1279,92;5,46
ACFI41GPC;8,14;4,51;96,46;95,49;212,88;12,5
ACQO46NVK;154,26;3,1;98,48;96,9;1482,9;31,97
ACQX88XCS;77,8;24,14;95,45;75,86;2398,38;26,85
ACSA76DHG;40,99;41,59;88,38;58,41;2123,15;7,04
ADML95JEA;92,12;18,72;98,99;81,28;197,61;10,36
ADRC82WLA;46,54;0,52;98,99;99,48;380,08;19,62
AEYW04EAS;104,2;14,26;89,39;85,74;2395,93;6,35
AFJX14TPC;14,94;19,99;80,3;80,01;3215,82;2,11
AFOI33TBC;18,84;6,29;93,94;93,71;526,32;9,27
AGNE71LCM;182,41;2,48;96,97;97,52;4571,52;9,34
AGOV90VAY;109,55;30,73;74,24;69,27;19524,19;1,89
AHRX26EUI;3,95;0,0;100,0;100,0;672,42;50,05
AHSQ10ADO;29,88;11,1;94,44;88,9;931,09;6,71
AJVS96PAY;1,59;8,0;99,49;92,0;126,36;100,08
AKAO10DDE;17,23;44,3;94,44;55,7;532,96;8,48
AKQL51SZN;34,95;1,81;98,99;98,19;752,61;37,4
ALAN21NRD;5,27;37,62;84,85;62,38;442,06;2,79
ALUB59SPL;22,46;15,28;84,85;84,72;2707,71;3,01
ALVC28NVJ;23,72;31,52;90,91;68,48;1152,25;6,2
AMGY06SEJ;41,15;1,98;99,49;98,02;1020,67;333,49
ANEP69KSW;28,63;6,38;93,43;93,62;839,71;4,24
AOXT12ZOZ;12,84;10,11;93,43;89,89;1004,43;4,84
AOZX54SFS;28,32;10,42;87,37;89,58;1907,27;2,83
APJW02QGZ;13,31;16,95;96,97;83,05;1039,11;8,94
APMP40YNJ;39,58;42,86;98,99;57,14;872,73;102,86
APZK92QSV;32,99;19,17;90,91;80,83;644,61;4,8
AQDF70FXF;55,33;0,0;100,0;100,0;272,3;289,87
AQEG79FFY;105,92;0,0;100,0;100,0;2351,63;9,69
AQMC12QMF;20,16;2,08;97,47;97,92;665,4;7,41
AQQZ89VBR;23,41;0,0;100,0;100,0;314,22;63,23
AQTP36TVE;12,68;41,99;98,99;58,01;156,44;17,48
ARNR68HFV;71,58;6,01;94,95;93,99;88182,57;3,86
ARZE08ZTN;18,81;27,42;90,91;72,58;2818,37;9,21
ATBC63UWV;17,27;6,12;95,96;93,88;543,11;8,03
ATPH55ETY;7,46;13,63;91,92;86,37;190,2;5,42
ATQP40GEG;36,73;4,05;97,98;95,95;700,06;17,97
ATQV14KOX;32,79;2,69;97,47;97,31;2439,46;10,18
AUZL62GWE;8,48;15,21;90,4;84,79;226,55;4,65
AVIL64ITJ;28,77;9,21;94,44;90,79;1775,35;6,22
AVQK51NHG;12,05;0,0;100,0;100,0;3394,85;57,75
AVRZ64AAQ;7,84;0,0;100,0;100,0;511,03;4216,0
AWMJ94SYI;24,74;25,69;81,31;74,31;442,69;4,45
AXAN27EQX;22,56;56,77;94,95;43,23;843,13;14,22
AXXN38NAM;9,8;0,0;100,0;100,0;452,67;101,27
AXYH42OMU;31,14;7,76;95,96;92,24;623,17;11,04
AXYT24KOD;17,5;28,16;95,45;71,84;208,45;14,64
AYBO60WQZ;8,56;9,36;94,95;90,64;159,92;10,01
AYGO89PFR;30,31;2,11;98,48;97,89;805,17;10,8
AZDS82KHA;21,92;0,0;100,0;100,0;987,88;18,92
AZYE75BBQ;24,33;6,96;91,92;93,04;233,58;4,58
BADM83ZDD;8,21;2,86;98,99;97,14;268,95;13,61
BAHI62GTD;21,04;21,74;93,43;78,26;713,27;18,27
BBAK71NWV;38,13;3,22;97,47;96,78;877,53;18,06
BBME69SAX;21,04;3,52;97,47;96,48;606,76;11,52
BDKP01NVC;34,93;0,0;100,0;100,0;1166,24;34,03
BEKQ52MGL;15,66;5,22;95,96;94,78;684,19;8,42
BFCN97FQN;18,08;20,65;81,31;79,35;544,52;2,6
BGLV15DIU;33,18;0,0;100,0;100,0;415,51;36,56
BGSL75BUY;56,71;5,2;95,96;94,8;4419,13;6,24
BHZL40AUJ;15,83;1,68;97,98;98,32;1082,6;9,55
BIDG61VWW;10,04;2,52;96,97;97,48;281,47;14,34
BITM21SNR;43,06;2,17;97,98;97,83;760,34;45,46
BJMB93NDS;27,92;2,57;97,98;97,43;711,0;9,27
BJZJ35YTW;6,92;9,57;91,92;90,43;405,17;6,81
BLHV10HLI;9,54;0,0;100,0;100,0;233,18;68,91
BMLB33LZE;2,2;7,9;96,97;92,1;52,06;10,72
BMMO53KQA;43,29;0,34;99,49;99,66;903,64;21,96
BMQG92LCP;6,56;16,53;91,92;83,47;174,79;6,16
BNVP82AGQ;29,53;9,5;98,99;90,5;518,67;71,72
BNXX22JOY;10,79;26,19;95,96;73,81;165,31;16,17
BOQF92TBE;55,7;7,43;93,43;92,57;3808,85;3,44
BPBN91QMP;11,83;24,02;85,86;75,98;173,38;3,23
BPPR48ETE;1,73;0,0;100,0;100,0;70,85;19,48
BPWV22RQW;25,62;6,6;91,92;93,4;488,15;2,61
BQIO24HLH;14,03;4,97;95,96;95,03;642,02;4,15
BROX99EVJ;12,61;6,43;98,99;93,57;1010,3;66,95
BRPP97OAD;8,51;3,31;96,97;96,69;819,42;5,12
BRWF46IRJ;10,04;4,58;97,98;95,42;331,27;10,84
BTBT53HRF;38,97;4,6;96,97;95,4;833,94;6,27
BUAX02YXK;1,8;82,0;95,45;18,0;63,49;5,77
BUFD91PLP;25,55;4,51;98,48;95,49;374,96;39,87
BULO99HHM;4,35;11,27;96,97;88,73;287,94;4,72
BVLD98PJM;15,04;0,91;98,48;99,09;678,91;12,85
BVLG54IQX;21,17;1,26;99,49;98,74;488,47;71,48
BVZS73UON;0,0;35,68;96,46;64,32;11,86;11,03
BWIM68WJM;6,92;4,62;96,46;95,38;181,78;10,01
BWVL00BWL;38,84;3,67;98,99;96,33;763,24;102,8
BXEG08XWA;2,03;26,95;90,91;73,05;157,17;11,6
BZIB63IFG;7,09;2,4;97,47;97,6;440,3;18,54
CAIJ02DXV;52,81;27,39;97,47;72,61;3023,45;54,88
CAOT92ECU;31,69;4,24;99,49;95,76;2624,04;27,52
CBTL80HNX;46,24;1,71;98,48;98,29;240,09;7,12
CDNX62QVY;36,56;15,49;95,45;84,51;5382,04;6,09
CFSF52FDS;3,86;14,83;94,95;85,17;233,21;14,21
CGME36BZF;12,78;3,67;97,47;96,33;337,85;16,36
CGNN82OHK;6,96;3,03;99,49;96,97;433,49;34,22
CGXK58LSV;34,09;0,0;100,0;100,0;927,15;139,6
CGXU62CFR;27,01;34,93;71,72;65,07;27030,44;2,02
CHHE55HDP;38,51;33,27;98,99;66,73;1452,38;13,78
CHNM68VZF;12,18;23,28;86,87;76,72;378,68;5,84
CHPD62HCA;41,1;24,11;84,34;75,89;8294,06;3,94
CHRF16PET;0,16;42,23;90,91;57,77;60,72;7,24
CIDP66VOX;42,49;18,56;98,99;81,44;738,85;125,68
CIUV27OFQ;15,72;18,41;86,87;81,59;605,82;3,95
CJDD29FZZ;28,14;1,65;98,99;98,35;880,57;179,37
CJQD68FGI;18,35;0,0;100,0;100,0;415,97;95,99
CKYC93HJE;49,09;2,08;98,48;97,92;343,84;25,25
CMNC99EEN;39,99;18,1;86,36;81,9;7269,5;5,1
CMQF44EQT;27,39;0,0;100,0;100,0;717,01;94,65
CNLX46BDJ;20,1;6,16;96,97;93,84;1260,63;6,81
COPM90NQS;65,77;0,0;100,0;100,0;1709,59;75,39
CPAP94WOL;15,48;5,2;95,45;94,8;554,73;12,56
CPQC93HQC;18,91;6,72;95,96;93,28;421,02;4,98
CQMB14NXU;29,3;0,0;100,0;100,0;710,55;287,71
CQUZ39ZBK;158,45;11,71;97,47;88,29;1286,92;23,57
CQWA43VUS;27,18;1,06;98,48;98,94;882,79;6,2
CRPT93HWZ;14,02;18,98;87,88;81,02;768,23;3,26
CRQL91UBX;15,24;0,38;99,49;99,62;510,93;38,18
CSPR32GGQ;10,43;21,73;85,86;78,27;277,22;3,77
CUDJ16ZPV;7,09;52,06;87,37;47,94;444,33;2,53
CUQW96QKG;34,43;10,15;94,44;89,85;341,72;7,99
CVTY97UTZ;14,52;0,0;100,0;100,0;225,4;23,63
CWFV18CLS;10,42;3,48;96,97;96,52;756,31;7,11
CWZN42MUK;1,35;17,25;94,44;82,75;1182,21;8,32
CXUJ33EOP;80,73;5,46;94,44;94,54;13009,9;3,8
CYEY37KJI;31,86;4,14;95,45;95,86;556,83;4,04
CYIL54NKH;99,06;0,0;100,0;100,0;448,69;157,52
CYJA63XLN;62,2;7,14;97,98;92,86;803,03;12,78
CYOC41WYB;32,3;2,7;97,98;97,3;1371,3;15,26
CYUC22ZBQ;18,02;12,59;95,45;87,41;364,03;5,51
CZIS04ACI;36,19;16,29;85,86;83,71;3173,39;2,81
CZKW28LKO;8,48;2,51;96,46;97,49;797,3;9,9
CZLZ12MWM;6,37;23,83;80,81;76,17;146,43;1,85
DAWL45NTI;49,46;5,21;97,98;94,79;194,48;100,28
DAZV00ZDO;8,77;31,92;97,98;68,08;219,49;34,01
DCCI03FJF;179,21;0,0;100,0;100,0;4178,18;127,67
DCYY41OXM;9,29;7,16;91,41;92,84;622,56;3,01
DDHH31OLZ;18,36;30,88;92,93;69,12;937,06;10,5
DDQO79YYY;11,0;15,19;88,38;84,81;244,87;6,19
DDZF92MUD;55,45;23,56;97,47;76,44;1345,17;95,67
DECH95SPM;46,04;11,24;91,41;88,76;1773,73;5,63
DENH39GDU;8,87;62,18;97,47;37,82;223,98;20,09
DETF05GUN;34,23;34,55;92,42;65,45;770,51;7,86
DEUT18EKM;20,34;0,0;100,0;100,0;854,95;237,09
DEZG49HBU;4,17;50,31;90,91;49,69;145,84;5,67
DFEL35GOO;21,13;17,73;96,46;82,27;1621,28;20,86
DGID45KCK;28,0;16,82;87,88;83,18;1208,86;4,17
DHWN85BFH;12,02;18,43;91,92;81,57;205,0;5,59
DISR36IAW;35,35;1,47;98,99;98,53;5743,44;8,44
DJCG91CEP;18,06;19,33;97,98;80,67;502,32;59,34
DJDD16MJM;12,63;24,0;83,33;76,0;349,88;3,6
DJVI99GND;17,04;32,31;75,76;67,69;444,19;2,57
DKDE49QWW;7,67;3,77;98,99;96,23;270,51;18,05
DKEY88BQS;2,39;9,79;93,94;90,21;864,89;7,13
DLGZ60BGP;13,21;5,14;92,93;94,86;544,75;5,55
DLPB83LMJ;2,78;0,0;100,0;100,0;153,91;27,91
DLRA77DWW;29,93;0,0;100,0;100,0;298,63;107,12
DMHG88IKV;5,0;40,14;70,71;59,86;924,48;1,47
DMND61MOE;38,36;10,8;96,46;89,2;726,61;26,6
DMWW72ZFU;47,92;8,35;91,41;91,65;616,16;3,42
DMXD68DCV;51,01;5,21;93,43;94,79;1321,83;4,26
DMXX95UHE;16,92;3,56;98,99;96,44;380,3;49,6
DNKD63EQL;11,46;1,32;99,49;98,68;1565,3;68,42
DOLF60TDO;58,41;11,67;91,92;88,33;1425,01;3,11
DPFP00PPJ;38,62;11,3;95,45;88,7;970,82;4,85
DQDW59EWW;3,76;0,0;100,0;100,0;63,03;30,0
DQIB46WZL;13,13;20,34;87,37;79,66;6585,78;3,43
DQST71BFV;5,5;0,0;100,0;100,0;1510,39;67,46
DRIH34TYV;0,0;0,0;100,0;100,0;2,03;16,71
DRNI18DTG;6,05;0,0;100,0;100,0;333,98;20,21
DRRK91SFW;11,28;2,49;97,47;97,51;238,17;5,29
DRSF41ZYM;17,14;24,0;80,3;76,0;974,97;3,43
DTHH24RED;7,44;7,11;94,95;92,89;94,98;5,44
DUNO11XHP;33,06;0,0;100,0;100,0;1116,14;28,31
DUVM50USJ;36,92;22,04;81,31;77,96;5006,59;2,84
DUVP29CJD;24,09;5,34;96,97;94,66;713,08;9,67
DVIH38MJZ;20,69;5,01;97,98;94,99;556,68;14,39
DVKW42JPW;76,27;0,0;100,0;100,0;344,61;147,69
DWXW23ROK;14,83;0,76;98,48;99,24;360,95;30,31
DYNA08VND;21,19;45,17;95,96;54,83;1077,18;18,25
DYNJ09FYL;18,6;2,8;97,98;97,2;436,67;33,68
DZTV28HGD;11,93;43,67;94,44;56,33;187,02;17,11
DZUE62FEX;27,54;12,29;95,96;87,71;491,19;16,98
EAFE90WKR;7,3;26,82;87,88;73,18;397,91;5,96
EAVM81BXB;21,52;24,59;95,45;75,41;391,41;10,04
EAZW56VJA;15,51;5,3;94,95;94,7;302,44;7,44
EBBS11TLR;9,02;10,79;93,94;89,21;568,12;22,48
EDRV73GXD;20,84;1,3;98,99;98,7;476,91;24,16
EEPK36WCP;9,8;3,62;95,45;96,38;521,73;9,58
EEVG71ZRL;258,28;9,14;92,42;90,86;58175,41;3,79
EFRT03INZ;480,7;18,47;84,85;81,53;39123,55;2,77
EGBS04MIC;12,56;18,24;86,87;81,76;1276,28;4,14
EGDC22FMA;20,97;0,41;99,49;99,59;777,73;63,37
EHMN85AVL;14,0;6,9;95,96;93,1;652,02;8,21
EILO87FSQ;28,9;26,91;85,35;73,09;1809,13;3,68
EJEL16XKW;29,19;0,0;100,0;100,0;842,25;106,22
EJNQ36YZQ;46,79;14,29;99,49;85,71;225,41;82,81
EJXK43CIV;15,44;11,07;98,48;88,93;387,44;17,85
EJYJ78YSW;17,7;10,82;97,98;89,18;345,64;24,69
EKGC04LZQ;26,96;6,31;96,46;93,69;1101,74;7,71
EKSV29ZXO;10,95;41,89;61,62;58,11;266,47;1,01
EKZD71FSB;10,82;21,05;99,49;78,95;273,41;94,97
EMGH86RXJ;2,5;7,91;95,96;92,09;3490,42;6,45
ENFR62LON;23,68;18,07;93,94;81,93;1085,0;11,48
ENMS51USW;24,63;10,56;99,49;89,44;794,94;86,58
EORW09QCA;50,99;0,21;99,49;99,79;245,45;7,3
EOWT02POH;6,7;10,29;97,47;89,71;706,46;5,4
EPWC52AUO;71,73;14,93;86,87;85,07;18720,66;2,97
EQUZ91VJN;6,16;0,0;100,0;100,0;205,36;22,37
ERIM01DPG;8,7;20,28;87,88;79,72;137,62;3,96
ERIO34WXJ;20,32;9,42;94,44;90,58;3151,11;8,14
ESGO82VKN;5,24;53,29;80,81;46,71;69,17;4,46
ESNE13YPM;2,55;51,67;95,96;48,33;33,01;6,05
ESNI97XJF;24,91;2,9;97,47;97,1;4488,47;4,64
ETOZ73RPG;387,25;60,54;76,77;39,46;17313,45;16,96
EUEC33VDU;25,95;0,0;100,0;100,0;855,15;100,79
EUKN02AQD;18,77;12,5;99,49;87,5;867,33;89,44
EUQJ35PNX;125,54;2,08;99,49;97,92;2823,33;48,53
EVTW65WNM;16,65;1,91;97,47;98,09;676,94;8,26
EWFT71UVQ;63,03;25,44;88,89;74,56;639,64;4,52
EWIH71EDZ;18,88;29,28;83,33;70,72;1222,87;3,39
EXHX97JSF;8,93;0,8;99,49;99,2;409,34;64,84
EXPM07IKN;7,55;9,77;95,45;90,23;142,13;5,63
EXUJ38JPL;21,08;0,0;100,0;100,0;518,06;176,25
EYKJ62LHJ;4,57;3,76;99,49;96,24;105,37;78,44
EZHF94FIP;73,54;46,52;92,42;53,48;1089,29;6,02
FANH24JCJ;32,87;23,05;89,9;76,95;888,55;3,76
FAVC49ZQG;7,17;22,15;83,33;77,85;405,13;2,76
FBAC36ALE;8,15;40,58;94,44;59,42;550,95;24,89
FBKY82IGW;8,25;11,3;93,43;88,7;293,31;10,1
FDNK25WTI;39,76;13,86;88,89;86,14;484,75;4,83
FDPC43EZS;9,17;5,8;96,46;94,2;453,31;5,11
FEZS07UUZ;15,58;26,78;90,91;73,22;736,64;6,51
FFGT42CIV;43,36;48,11;96,46;51,89;573,76;13,52
FFIA76SPB;19,55;0,0;100,0;100,0;1617,67;36,24
FFNZ08VUQ;46,9;1,54;98,99;98,46;574,92;10,97
FFTI00IAF;16,36;19,83;85,86;80,17;423,68;4,16
FHOD96CFO;10,69;0,0;100,0;100,0;588,63;42,72
FILI14GUK;17,77;23,36;80,3;76,64;1089,0;2,78
FINQ79LCW;18,45;5,68;95,96;94,32;824,73;4,41
FJAF09OWD;7,53;14,48;92,93;85,52;441,34;6,52
FJAM67ERH;84,13;21,45;85,35;78,55;1815,39;3,69
FJOZ43CSH;16,72;20,24;89,9;79,76;440,3;5,05
FJUA69DZU;6,83;3,62;96,97;96,38;180,86;13,37
FJVE86HCI;72,8;16,87;88,38;83,13;37201,62;4,01
FKKM55CDJ;33,77;9,82;96,97;90,18;775,76;17,14
FKTJ89LEA;102,22;3,87;96,46;96,13;6044,7;14,31
FLFD69QMH;48,69;8,82;92,42;91,18;2126,83;3,49
FMLD62KEI;60,48;13,72;93,43;86,28;298,82;6,13
FMPX53XWF;21,36;43,19;94,44;56,81;325,76;12,09
FNEA23ISC;9,66;13,71;92,42;86,29;638,8;3,54
FNVU51FNV;20,26;4,33;96,46;95,67;528,03;7,26
FOBR22MSN;19,13;0,0;100,0;100,0;593,86;258,43
FOBV94GVR;62,09;26,3;75,25;73,7;10974,9;1,89
FOGA28EEH;7,33;5,6;94,95;94,4;258,36;4,55
FOII60HZR;4,54;0,0;100,0;100,0;105,58;137,53
FOIO82HHP;83,73;18,94;93,94;81,06;1125,32;3,61
FQDL25EZN;1,04;0,0;100,0;100,0;23,34;22,66
FQOF49BSR;29,96;19,44;88,38;80,56;591,94;12,14
FQPR58URQ;45,05;29,18;76,26;70,82;17036,53;1,84
FRAM30OZP;29,31;3,45;95,96;96,55;486,97;4,75
FSCF22PDZ;12,89;6,7;91,92;93,3;953,88;3,08
FSNK66QLG;47,35;7,76;95,96;92,24;1160,08;5,08
FSVM04JSS;86,21;0,0;100,0;100,0;2147,95;13,8
FSYJ54YAN;16,08;4,26;98,48;95,74;478,91;112,09
FTHK04EQC;10,82;33,68;92,93;66,32;319,26;8,04
FTQE01RPT;21,47;10,32;89,9;89,68;3697,56;3,19
FTQI85QCD;31,42;0,0;100,0;100,0;789,03;2002,92
FTQW61QYL;7,64;15,4;90,91;84,6;189,08;3,74
FTZN25UZH;29,86;23,64;82,32;76,36;2351,3;3,3
FUDI74XNQ;0,0;0,0;100,0;100,0;2,17;17,92
FUFK88WUQ;28,16;9,37;93,94;90,63;620,88;6,07
FUQQ36LIP;26,33;3,85;97,98;96,15;500,79;21,19
FUXY88GDB;19,27;32,05;71,72;67,95;1690,65;1,77
FVBD37HQB;12,98;2,01;98,99;97,99;617,28;18,58
FVCJ30RVH;13,3;20,46;83,84;79,54;690,71;3,03
FVUO62HTP;5,38;38,49;97,47;61,51;331,82;24,55
FWRK19CWC;1,01;7,69;99,49;92,31;30,37;25,7
FXCI18WCK;12,15;50,0;97,98;50,0;276,32;37,58
FXXV11MGP;59,1;1,58;98,48;98,42;1157,17;37,73
FYBK70SNY;13,41;0,97;98,99;99,03;1943,86;7,25
FYFO43CVN;16,41;6,93;96,46;93,07;699,97;5,22
FYRX53VAC;25,81;0,62;99,49;99,38;614,75;37,67
FYYZ87QGO;9,21;4,26;97,47;95,74;745,86;27,37
FZFM65NZY;16,4;3,29;97,47;96,71;611,58;3,87
FZFP28ORB;34,15;8,91;94,44;91,09;6664,65;8,37
FZFT11JIE;26,13;0,49;98,99;99,51;636,24;6,82
FZQA53CSD;6,28;4,31;95,96;95,69;602,88;3,6
FZRY85XVB;41,69;6,26;97,98;93,74;2729,52;85,46
GAYA56QOJ;58,12;8,21;89,9;91,79;378,57;2,05
GBUJ30ALH;259,37;20,63;86,36;79,37;15533,2;7,02
GBZA17RMO;5,32;20,19;90,91;79,81;396,89;6,5
GCRL34DDH;37,3;24,96;86,36;75,04;669,59;4,24
GDRE49GXM;60,95;2,52;96,97;97,48;2980,85;5,86
GEIL72FVU;5,09;1,33;99,49;98,67;139,23;45,95
GFWW34KWZ;57,59;0,0;100,0;100,0;452,03;53,28
GGJA06NJO;59,2;12,12;89,9;87,88;1128,99;4,64
GGSN89NEX;18,64;11,0;96,46;89,0;750,63;8,9
GGTF06DQX;20,45;30,43;70,2;69,57;5488,99;1,54
GHAD79ZCZ;25,16;0,0;100,0;100,0;831,99;71,62
GHUL20KUB;25,43;1,44;97,98;98,56;788,94;7,4
GJWK81AYE;8,3;0,0;100,0;100,0;255,68;85,08
GJXM03XNW;18,18;7,62;96,97;92,38;602,18;16,34
GKQG13XVE;17,54;1,31;97,47;98,69;3294,18;13,47
GLRA46ELA;61,86;1,92;98,99;98,08;502,33;45,42
GMJG11AQC;77,32;26,9;97,47;73,1;233,26;16,83
GNPV74IUC;13,64;16,73;97,47;83,27;482,09;15,3
GOJD85HYI;21,8;6,36;95,96;93,64;469,36;12,79
GPKK85RER;68,76;0,0;100,0;100,0;1629,34;87,31
GQWT95LLK;16,73;24,18;84,34;75,82;282,76;3,31
GREQ59HTG;4,38;35,0;73,23;65,0;887,79;2,2
GROT79YWF;26,66;13,99;92,42;86,01;840,93;4,18
GRUM26KMW;27,69;1,63;98,48;98,37;911,92;13,46
GRUW68GNK;137,73;0,61;99,49;99,39;8475,0;137,26
GSLX00NDE;13,13;4,08;99,49;95,92;233,54;31,46
GSPG11FMG;13,34;3,7;98,48;96,3;328,18;40,11
GSWH65QOX;25,98;14,03;95,45;85,97;812,89;17,49
GTMS54WYS;20,18;5,24;97,47;94,76;532,39;10,47
GTVF20BNT;18,01;41,85;95,96;58,15;285,85;30,14
GULI61IDJ;22,9;8,08;93,43;91,92;582,79;4,81
GUSZ71BXE;77,15;27,79;90,4;72,21;3085,36;8,93
GUYI09INC;19,32;4,31;96,46;95,69;603,23;19,81
GVFL45RLZ;13,24;12,76;98,99;87,24;424,7;42,9
GVMB23LHG;20,09;0,0;100,0;100,0;545,52;49,73
GXLZ95BIB;21,73;11,98;97,98;88,02;612,81;78,99
GXUY27OKX;79,21;6,62;94,95;93,38;4821,33;7,56
GYVJ53YTT;9,85;28,63;83,84;71,37;2025,29;5,2
HAGM08JED;18,56;19,12;88,89;80,88;416,91;4,07
HBRR20NFA;20,66;15,48;90,4;84,52;689,06;3,55
HBRU63IHL;17,32;13,06;89,9;86,94;706,52;4,01
HCAY34CLI;24,44;3,81;97,98;96,19;628,75;107,69
HCCJ85WIT;13,7;0,0;100,0;100,0;742,85;101,02
HCXC23JBK;14,87;5,08;98,48;94,92;607,76;169,97
HDIJ21OEK;15,67;7,69;97,98;92,31;681,88;11,15
HEAC11CHX;28,17;1,89;99,49;98,11;534,59;50,12
HEBX11TNP;52,79;0,0;100,0;100,0;700,85;86,3
HEDE46UIT;14,43;9,75;92,93;90,25;321,57;5,87
HFSA48UZA;17,25;26,49;82,83;73,51;747,64;3,94
HGHK36SLL;9,73;8,2;96,97;91,8;172,98;25,31
HGZW01FRJ;94,63;27,32;88,38;72,68;3632,09;8,22
HHBY01SXC;54,43;10,68;88,89;89,32;6402,02;2,98
HHQH93YHL;22,98;0,84;99,49;99,16;757,22;15,68
HHSY05IZY;8,98;5,46;95,96;94,54;694,58;12,81
HIIL72RNZ;2,91;0,0;100,0;100,0;124,06;63,97
HISJ17RBJ;15,17;17,91;96,46;82,09;1048,62;10,64
HJJD34BIQ;23,95;27,62;94,95;72,38;495,05;12,06
HJRP94FDS;44,36;1,51;98,48;98,49;2553,82;23,61
HLAH20ISI;29,0;10,44;92,93;89,56;547,6;4,54
HLDZ44QZN;21,72;8,13;98,99;91,87;415,23;49,17
HLUD48LVM;8,2;12,23;91,41;87,77;217,13;3,81
HLYY07FTD;22,66;32,57;75,25;67,43;2131,34;2,47
HMKR20JJT;18,46;5,71;93,43;94,29;1155,31;4,88
HMQV92SHD;24,44;6,77;95,45;93,23;313,68;5,37
HNBP43ZMJ;16,44;0,0;100,0;100,0;418,33;15,63
HNMO99LMZ;78,42;0,46;98,99;99,54;1063,49;17,42
HODW59JKZ;9,18;8,39;97,47;91,61;350,67;6,02
HOUN33UQR;46,17;8,3;97,98;91,7;1150,95;25,41
HPDG47ERF;7,69;1,52;98,48;98,48;270,97;13,62
HQCP63KVF;13,43;83,55;99,49;16,45;163,4;53,21
HQEV03LEY;14,21;4,54;95,96;95,46;590,37;14,03
HQMJ53GFK;18,58;28,25;77,78;71,75;3077,81;2,39
HRMD73WFT;1,21;21,73;96,97;78,27;23,57;13,89
HRVO22SVX;62,8;15,6;94,95;84,4;1315,84;15,3
HSET43YAZ;5,64;12,02;91,41;87,98;110,09;7,71
HSOG84USO;8,53;15,6;89,9;84,4;212,87;5,42
HTOA76TVA;14,49;4,99;96,46;95,01;790,15;8,49
HTOY37YRT;13,93;1,5;99,49;98,5;1234,06;306,2
HTRF26XLO;38,8;27,61;84,85;72,39;646,59;4,13
HUDS58NYR;15,68;3,11;96,97;96,89;512,45;7,45
HURR77KQR;11,36;6,71;96,46;93,29;348,39;4,59
HVBK11FDL;21,89;0,0;100,0;100,0;1452,97;83,83
HVFK79WMU;13,97;31,09;94,44;68,91;1125,67;15,8
HVLG50BVG;5,76;6,43;96,46;93,57;131,74;5,9
HVRL62TUS;21,61;6,7;95,45;93,3;312,23;6,92
HXEC39WBV;48,93;12,63;89,39;87,37;14922,97;3,63
HXFM18BTQ;3,34;11,89;91,41;88,11;245,08;5,98
HXGG96DOT;25,16;31,08;86,36;68,92;840,31;5,77
HXLO55PYA;4,8;0,0;100,0;100,0;139,09;176,54
HYLX99XNX;31,5;21,33;86,87;78,67;707,62;5,7
HYRL60UZX;30,19;30,35;94,44;69,65;666,7;15,15
HYYE50BCF;9,18;5,83;97,47;94,17;306,28;18,81
HYYT98EPJ;25,26;3,48;97,98;96,52;427,86;7,55
HZBL04PBW;7,92;10,07;90,4;89,93;206,52;3,22
HZQO09WWV;31,42;5,41;97,98;94,59;226,18;18,91
IAAB15LKG;121,14;30,74;73,74;69,26;10615,81;2,0
IAME04NHZ;4,4;29,21;85,35;70,79;263,86;8,49
IAVE29ZKQ;28,69;0,0;100,0;100,0;1197,09;33,42
IAZX92GXT;41,19;3,1;91,92;96,9;1260,16;2,58
ICIQ56AHA;13,74;20,66;89,39;79,34;705,09;4,82
ICQZ39GIQ;35,9;12,19;90,4;87,81;3047,77;3,91
IDIW64NXE;27,33;5,45;95,96;94,55;6484,75;4,68
IDNJ93PNO;15,45;19,42;98,48;80,58;193,88;69,04
IEXW92LIG;22,36;1,32;99,49;98,68;418,74;109,09
IEZW96UJQ;20,8;19,01;96,46;80,99;176,68;8,68
IFAF73ACY;0,8;43,17;93,43;56,83;41,75;7,33
IFMM15HOG;39,75;10,8;93,94;89,2;757,01;8,15
IFUM81APG;111,62;12,84;90,91;87,16;2605,37;7,89
IGDR16QDJ;20,06;2,72;94,44;97,28;2814,41;3,91
IGNZ10AFU;24,05;22,53;87,37;77,47;576,04;4,41
IHER07ULN;80,77;5,54;94,44;94,46;7669,65;4,98
IHWW65EJN;12,64;45,28;87,88;54,72;769,07;9,05
IIVY41ZQT;0,34;0,0;100,0;100,0;342,2;46,09
IIWK53ARM;4,72;94,44;98,99;5,56;311,3;107,01
IJHW44CLJ;2,33;0,0;100,0;100,0;55,31;273,8
IJJV67YIT;16,95;3,69;98,48;96,31;433,73;26,41
IJVO28CYP;4,95;74,31;44,95;25,69;606,79;0,71
IKCX64IZL;16,6;2,19;98,48;97,81;546,27;16,82
IKWF51IYN;19,4;5,84;97,98;94,16;694,28;25,26
ILCV57TKU;12,89;4,94;96,97;95,06;353,94;14,42
ILSB97ANL;11,59;1,34;98,99;98,66;456,85;18,41
IMKD58PCC;28,95;29,9;94,95;70,1;528,89;15,17
IMWD26LTG;4,64;5,77;93,43;94,23;410,24;3,67
INFH77ZPC;20,62;6,36;95,45;93,64;546,18;4,8
INOC35AVI;7,27;15,39;89,39;84,61;120,16;4,38
INXF14GAZ;10,76;0,0;100,0;100,0;220,83;47,12
IOJD33BIL;25,07;2,32;99,49;97,68;948,96;36,34
IOJN59NCJ;27,2;3,76;96,97;96,24;850,68;26,36
IOUT43PTU;17,19;10,11;94,95;89,89;497,91;5,63
IPRI75HMR;39,98;16,12;92,93;83,88;1658,56;4,85
IPSC35CXR;16,16;3,01;96,97;96,99;719,46;7,04
IPSX84OJB;4,36;43,16;83,33;56,84;60,21;5,26
IPYX96FNK;37,08;0,0;100,0;100,0;797,45;150,66
IQAL30OWP;31,24;9,18;96,46;90,82;977,47;17,48
IQYF35ALA;2,39;40,26;88,38;59,74;67,08;6,67
IRGW30AKZ;6,24;6,57;98,99;93,43;153,68;38,42
IRPP40BNN;40,13;0,45;98,99;99,55;741,58;55,53
IRUU49IDE;41,75;0,0;100,0;100,0;2457,73;901,17
IRVF75ULJ;12,6;5,06;97,98;94,94;1808,55;30,17
ISHM74IDS;15,77;25,25;83,33;74,75;681,82;4,19
ISOD32CNV;22,84;26,67;79,29;73,33;5163,16;2,08
IUQL98ATE;17,14;39,02;96,46;60,98;273,38;28,5
IVSG78ZEI;21,94;2,2;97,98;97,8;676,13;26,32
IWNQ31NOY;24,6;6,14;96,97;93,86;556,21;35,23
IWOJ74IEC;36,39;0,0;100,0;100,0;864,85;99,1
IWUD97LHN;10,55;0,0;100,0;100,0;237,15;97,82
IWUU46ORH;4,65;41,93;94,44;58,07;202,2;26,69
IXZW52LCZ;18,83;52,4;95,45;47,6;716,06;25,6
IYTI61EBI;38,71;17,51;89,9;82,49;1699,22;5,62
IZBP30PWV;23,62;0,0;100,0;100,0;445,08;20,19
IZNB93SPC;167,34;4,22;95,96;95,78;3797,35;5,35
IZVB26MLS;27,29;13,27;97,47;86,73;240,18;40,44
JABK79WLP;10,6;0,98;99,49;99,02;1618,7;39,18
JBVG41CPM;26,82;0,0;100,0;100,0;1675,15;230,33
JDPI18ZQV;4,85;2,78;97,47;97,22;218,51;11,9
JDPV09HTZ;63,6;49,38;89,9;50,62;2588,29;16,17
JFDA82FJE;14,05;15,51;90,91;84,49;2905,62;5,8
JGVB34FGM;131,98;5,71;98,48;94,29;993,31;21,75
JHCM63OPB;25,78;20,18;88,89;79,82;4136,71;4,28
JIUT73XUD;63,4;0,66;99,49;99,34;436,91;47,74
JIWO41RQV;6,55;6,09;98,99;93,91;549,53;37,85
JIWT95KYU;29,09;6,8;96,46;93,2;1346,46;14,86
JJCS63IKB;11,59;8,56;93,43;91,44;338,94;8,12
JJON89KAQ;23,55;3,07;97,98;96,93;1022,15;10,77
JKHG14ENE;22,65;11,9;92,93;88,1;839,53;3,83
JKPW72ZWO;12,7;3,62;97,47;96,38;730,69;26,7
JLDB00FDM;23,9;27,68;89,9;72,32;2989,7;8,33
JLWL67UWA;3,78;15,93;89,9;84,07;118,59;10,75
JMGP54LAK;116,15;0,0;100,0;100,0;357,25;404,2
JMYA00NAU;5,41;20,02;83,84;79,98;265,18;5,41
JNBP94JIQ;67,52;18,36;92,42;81,64;1695,09;3,31
JPAO23QSY;23,89;3,06;97,47;96,94;631,82;23,23
JPDD96AYM;182,28;0,0;100,0;100,0;4522,83;410,79
JPHL26ELP;22,36;32,97;76,77;67,03;3746,38;2,44
JPYL14EWN;106,99;8,34;91,41;91,66;38583,96;7,52
JRAL21USQ;9,47;21,32;96,97;78,68;171,49;26,61
JRAV08VOG;44,74;6,85;97,47;93,15;2030,74;9,38
JRPY91SOX;21,17;2,53;97,98;97,47;861,03;10,28
JSMG06JUP;29,08;0,72;98,48;99,28;906,2;13,08
JTEC14SVF;34,76;0,86;98,99;99,14;3032,24;9,5
JTSC86GSN;1,96;34,08;93,94;65,92;16,5;8,13
JULB23LYV;30,36;12,26;94,95;87,74;536,61;8,55
JUMZ90SON;56,28;75,16;98,99;24,84;407,69;41,96
JURP55TNB;24,12;0,0;100,0;100,0;332,78;45,44
JVGI69CNI;20,06;6,14;95,45;93,86;1764,61;14,41
JWPF06IPT;28,12;2,87;97,98;97,13;714,14;7,25
JWSO29LLY;23,92;3,16;97,98;96,84;1527,65;6,62
JXPT74III;28,58;0,0;100,0;100,0;776,12;31,08
JYIF49VCY;8,2;8,98;96,46;91,02;279,17;11,71
JYOR52AAI;0,5;60,09;97,98;39,91;13,44;11,67
JZCG80FPW;1,98;0,0;100,0;100,0;40,93;289,43
JZMP55IIC;24,99;0,0;100,0;100,0;685,33;201,93
JZQH67YJC;0,93;2,27;99,49;97,73;21,91;19,72
KAIF05ZMR;20,61;14,74;92,42;85,26;493,53;8,81
KATM71XZV;105,07;16,73;93,94;83,27;284,39;20,04
KBRS15KBZ;37,33;31,92;94,95;68,08;910,73;17,7
KDNB35ESH;23,2;5,79;96,97;94,21;1124,53;4,51
KDXN99RWW;55,92;0,71;99,49;99,29;1046,55;61,52
KEAV69GXC;7,5;40,53;83,84;59,47;117,84;6,17
KEDH40XKI;18,28;4,61;97,47;95,39;446,6;9,3
KEGV36DAK;31,13;0,0;100,0;100,0;594,65;36,84
KEOG38LJB;25,34;48,3;97,47;51,7;418,63;16,18
KFJA08WMR;12,2;1,16;98,48;98,84;793,82;7,79
KGGU92NCK;20,32;0,0;100,0;100,0;1256,77;65,66
KGQJ86RGE;114,6;0,0;100,0;100,0;2682,42;70,82
KIKI22HLV;72,21;3,75;95,45;96,25;21986,55;5,9
KISK75HHE;29,15;0,44;98,99;99,56;949,12;8,44
KIZY80SQZ;11,43;0,0;100,0;100,0;306,54;296,07
KJHN86DUW;346,99;1,63;97,98;98,37;27856,36;6,61
KJVB98UOX;35,26;24,6;90,4;75,4;687,07;10,27
KJVN79FCJ;33,93;11,27;93,43;88,73;1124,21;5,14
KJXR06JYP;37,17;1,5;99,49;98,5;1150,74;63,4
KKPK50SLM;12,85;0,0;100,0;100,0;423,79;40,54
KKVY55EYF;23,37;2,65;96,46;97,35;869,24;6,75
KLLB71ZBA;12,57;8,41;96,46;91,59;548,54;5,7
KLNM69UBY;6,97;0,0;100,0;100,0;169,49;279,67
KLPY86FFO;14,46;8,58;99,49;91,42;291,98;15,07
KMNU34MNI;19,08;11,2;98,99;88,8;576,79;14,8
KNVU41HAK;4,41;0,46;98,99;99,54;188,89;28,86
KOAG82LNN;33,93;2,67;98,99;97,33;914,18;16,76
KOBC79USM;4,08;43,14;87,37;56,86;288,9;7,71
KOPU25RNN;63,5;4,0;93,94;96,0;397,64;2,75
KPCQ58KZG;124,09;54,91;80,3;45,09;5125,82;13,36
KPLW81ZAQ;2,06;8,81;95,45;91,19;164,06;13,31
KQLF81MCL;66,29;0,0;100,0;100,0;1389,39;159,02
KQMJ38JHG;18,57;6,98;99,49;93,02;575,35;264,93
KRVL55ZWU;10,51;31,37;96,46;68,63;387,82;16,39
KSSV50UIL;228,73;54,94;81,31;45,06;9938,45;16,02
KTDU42EAN;30,29;18,1;90,91;81,9;1564,86;8,85
KUJY83GUW;169,07;1,43;98,99;98,57;13663,24;6,88
KUVZ73GFW;14,1;22,57;96,46;77,43;806,96;9,51
KVWR17USS;44,61;1,14;98,99;98,86;811,72;25,49
KWGR31INJ;24,22;4,66;97,47;95,34;463,35;53,46
KWKD14XHF;7,24;6,92;90,4;93,08;730,79;3,16
KWRK89YPZ;27,83;0,0;100,0;100,0;860,51;60,63
KXAQ21HJS;2080,75;13,09;87,37;86,91;180839,29;2,7
KXVU19DTS;21,81;9,04;98,99;90,96;484,36;63,77
KXYH49BAN;5,71;14,42;98,99;85,58;161,33;153,58
KXZG43TEQ;15,32;0,08;99,49;99,92;687,11;36,9
KYTD18KWX;19,18;2,91;97,98;97,09;615,61;28,84
KYYY81SZH;5,88;50,0;99,49;50,0;271,07;89,45
KZPM90IOE;30,0;5,25;95,96;94,75;1092,89;5,6
LANG05GLL;8,66;30,07;84,34;69,93;517,25;5,87
LAYU27DTV;19,06;30,0;93,94;70,0;449,19;8,0
LBKZ83QGL;13,28;28,49;75,25;71,51;575,81;1,54
LBWV61MFS;28,98;1,43;98,99;98,57;737,86;30,72
LCHA32QRM;23,52;29,89;94,44;70,11;529,11;15,52
LCMP16UWA;9,9;9,85;92,93;90,15;224,1;6,83
LGNB38OKA;32,9;16,1;95,96;83,9;238,06;21,26
LGVU73IOE;7,42;29,09;80,81;70,91;284,91;2,15
LHGZ47ZKR;4,01;26,74;95,96;73,26;145,37;21,32
LHHR13DYH;10,81;39,79;78,79;60,21;100,34;3,87
LIDX01FCC;14,32;16,22;90,4;83,78;152,93;5,18
LIQG52OVU;11,56;13,84;92,42;86,16;257,1;6,56
LJEU84KLZ;3,64;2,88;96,97;97,12;717,37;11,38
LJFZ98YME;13,43;20,48;88,89;79,52;7306,94;3,36
LKRI20AQZ;32,09;1,47;99,49;98,53;728,09;117,78
LLQI41IEB;20,1;13,45;97,98;86,55;2193,45;12,25
LLXD75ZBV;226,89;5,52;96,97;94,48;5142,79;7,97
LLZB92AAC;36,86;0,0;100,0;100,0;229,58;76,78
LMAC50HHC;20,82;0,0;100,0;100,0;5988,33;259,17
LNUO09VWB;23,82;76,89;97,98;23,11;263,16;51,9
LNWJ49IMG;51,21;0,0;100,0;100,0;645,59;13,52
LOZN87MWO;22,54;1,82;98,48;98,18;554,53;45,52
LPIM15GYB;22,39;1,08;98,99;98,92;1859,31;10,83
LQET50QZS;36,43;9,66;93,94;90,34;10834,28;4,18
LQPM02FMR;24,58;0,7;99,49;99,3;229,09;39,93
LRXD46HHJ;21,41;10,61;96,97;89,39;567,97;49,72
LSFB10SHE;14,71;4,05;97,47;95,95;2074,43;7,28
LSMK82MQK;26,71;0,73;99,49;99,27;846,01;81,12
LSUN03GBQ;10,11;0,0;100,0;100,0;43,76;37,03
LTYN44KDO;7,53;6,65;93,43;93,35;911,66;2,49
LUHW74HQL;12,46;4,08;96,97;95,92;2018,45;12,95
LULZ04TCK;23,63;46,32;93,94;53,68;914,58;11,7
LVIE94LLN;45,97;2,0;99,49;98,0;823,52;203,82
LXQH58ATM;4,59;20,95;84,85;79,05;286,37;3,73
LYAF85GJO;6,12;17,62;89,9;82,38;545,01;7,38
LYKH25DMM;64,98;27,19;83,84;72,81;5046,6;6,96
LYVK73MWN;13,33;0,21;99,49;99,79;463,36;31,79
LZYP73ZDE;5,32;24,3;96,46;75,7;229,42;13,24
MAAY06FLG;29,46;6,77;95,96;93,23;2465,13;6,95
MAHC72OET;13,93;0,0;100,0;100,0;214,0;70,27
MAYF53EST;31,04;25,61;81,31;74,39;5172,98;2,45
MBRL60OFJ;10,39;3,37;98,99;96,63;339,88;94,52
MBYU55EVN;18,18;10,32;94,44;89,68;397,07;5,4
MCZW64IRZ;9,7;14,9;94,44;85,1;232,57;5,0
MEJO06MVQ;56,42;0,0;100,0;100,0;322,4;234,69
MEVM68SLX;16,94;5,44;94,95;94,56;654,6;14,7
MFVK62VMT;178,03;13,6;87,37;86,4;4462,37;5,64
MGKX79APY;50,5;4,37;97,47;95,63;682,34;6,71
MHBO06YHH;60,13;21,67;95,96;78,33;851,43;18,98
MHLH51IJO;14,8;10,22;93,94;89,78;1283,35;9,37
MIMJ13URY;16,2;18,27;88,89;81,73;1088,54;6,69
MIOW11PHB;27,17;1,55;99,49;98,45;1236,97;75,83
MIOZ07QEK;15,5;0,0;100,0;100,0;520,25;41,54
MISB47RTN;3,38;13,41;98,48;86,59;2118,43;25,58
MKDM97KXO;19,58;0,93;98,99;99,07;484,15;18,26
MKEN94UKK;43,71;0,75;98,99;99,25;1122,67;11,03
MKXI01ECP;15,42;5,71;95,45;94,29;565,18;8,19
MKYB62KWD;3,36;10,72;97,47;89,28;271,14;10,45
MLDY90UPK;7,69;0,0;100,0;100,0;2060,16;91,4
MLEA68ODH;42,4;3,98;97,98;96,02;259,08;13,89
MLGU82ZFZ;11,38;14,69;91,92;85,31;430,27;5,93
MMPI12KCY;8,91;42,13;76,26;57,87;388,8;2,87
MNCQ75VZR;22,03;23,17;83,84;76,83;714,81;5,6
MNFW77IYU;28,8;28,32;96,97;71,68;674,83;19,21
MNRH05XPC;24,96;33,97;76,77;66,03;524,48;2,82
MOAI77YMM;14,33;9,09;94,95;90,91;621,84;7,2
MOGA21LTV;136,9;13,04;91,92;86,96;18308,73;5,1
MOHW42CXR;19,18;13,96;89,9;86,04;727,51;3,22
MOZC48RPA;10,72;9,82;90,4;90,18;346,94;3,53
MPGM56CTS;8,11;9,32;95,96;90,68;1148,61;24,2
MPMW69CPO;14,59;1,65;97,98;98,35;541,79;11,39
MPYY59YYQ;35,72;24,19;89,9;75,81;5173,71;6,95
MRBB37NUI;24,18;1,22;99,49;98,78;823,13;39,85
MRMB80NKX;33,65;26,94;92,93;73,06;601,21;10,38
MRNN94QXK;5,68;17,52;92,93;82,48;496,73;12,1
MSBK28GYZ;23,38;4,61;99,49;95,39;652,68;64,1
MSLK88FHT;23,43;0,74;99,49;99,26;651,9;13,36
MSQY69JRS;14,17;8,09;93,43;91,91;623,06;6,93
MTMV60ISB;24,34;16,88;87,37;83,12;328,24;3,9
MTQU47IBB;15,0;7,02;94,95;92,98;647,74;8,34
MUQB05WBT;20,7;11,29;87,37;88,71;1835,51;2,85
MWHY10BHE;14,59;2,86;99,49;97,14;588,3;277,34
MWKH94BHD;26,83;3,02;97,98;96,98;509,12;14,86
MWTY70MDV;19,93;18,55;85,35;81,45;695,26;3,02
MWVQ22ECM;39,58;14,37;97,47;85,63;2485,51;24,3
MWYD62PDJ;3,17;50,38;85,35;49,62;49,67;4,68
MXMM62OKY;20,6;3,9;96,97;96,1;578,99;16,39
MXXW83CJH;71,24;19,01;88,89;80,99;587,29;3,76
MYDL83HLP;70,81;2,51;98,99;97,49;302,63;23,14
MYWA59SUE;3,77;24,94;84,34;75,06;223,54;4,0
NARO61RJA;2,6;7,21;98,99;92,79;56,43;25,17
NBCZ41AGI;83,48;14,32;89,39;85,68;12962,31;3,93
NBUV33LMI;14,84;29,98;90,4;70,02;941,74;6,67
NCJS06QHU;84,26;25,85;77,78;74,15;11093,36;3,57
NCLE79UWG;24,98;7,1;95,96;92,9;1199,43;7,84
NDIF14AEF;23,04;0,0;100,0;100,0;660,16;13,13
NDPV02QDG;5,46;22,42;96,97;77,58;233,17;12,72
NEIE61DEC;23,61;6,64;95,45;93,36;620,82;5,36
NEOY93OUG;9,53;3,91;97,98;96,09;299,88;14,15
NFFX69OGX;5,88;48,51;90,91;51,49;142,07;6,92
NFMC41YMF;6,0;0,59;99,49;99,41;228,44;33,26
NGCY45VZD;37,86;7,73;95,96;92,27;419,97;10,72
NGDG05BJP;9,01;6,61;95,96;93,39;415,48;5,41
NHHB37KVY;70,02;19,33;86,87;80,67;11934,29;4,32
NHRU35IVR;32,74;0,0;100,0;100,0;1009,9;7,49
NHUG86SLH;11,16;0,0;100,0;100,0;474,7;108,78
NIHH69ZUD;0,0;100,0;99,49;0,0;6,82;5,63
NIKK25LMM;25,64;14,36;88,89;85,64;326,8;4,7
NITU51JKU;24,66;2,19;97,98;97,81;2580,28;11,26
NJRC95VRS;13,09;3,84;96,97;96,16;514,7;6,39
NKER28VYI;5,21;5,2;96,46;94,8;93,12;17,76
NKFF82VWO;8,95;16,26;92,93;83,74;501,95;14,77
NKPY49FBU;156,85;1,28;99,49;98,72;3585,3;151,69
NKTT36EWT;9,49;28,89;82,83;71,11;1399,13;3,1
NKVG41SOL;124,47;0,0;100,0;100,0;17906,48;567,1
NLGF42EAP;12,6;9,91;97,98;90,09;253,71;8,02
NLJX03TOS;34,16;0,0;100,0;100,0;878,06;336,93
NLNH69GOS;16,95;8,27;95,45;91,73;526,7;13,5
NLPZ29UNR;6,76;3,7;95,96;96,3;626,03;4,12
NMBK49AWK;8,24;8,65;94,44;91,35;270,76;12,37
NMIJ45NVB;10,83;13,35;84,34;86,65;1039,34;1,79
NMTQ54VSX;5,08;24,32;98,99;75,68;136,14;182,14
NMUJ11GLO;68,44;7,8;89,39;92,2;490,6;2,03
NNFA52OGB;20,19;14,62;93,43;85,38;629,9;24,65
NNSZ64KZL;25,34;20,75;93,43;79,25;1044,63;5,41
NNZC05SSP;33,07;8,22;93,43;91,78;1478,48;6,37
NPTA45ZLH;89,29;14,95;91,92;85,05;757,79;4,67
NPZK34EXO;12,22;10,78;97,47;89,22;968,04;22,07
NQIU74UNR;27,01;0,0;100,0;100,0;1360,27;157,51
NQWD58ZEO;31,38;12,43;93,94;87,57;462,54;3,81
NRJJ85SMA;9,69;10,81;98,99;89,19;299,39;33,38
NRTS61JMS;2686,91;11,06;94,95;88,94;34954,64;15,87
NSAI04LSN;30,29;4,91;96,97;95,09;805,45;8,15
NSEV58UMV;7,83;20,24;86,87;79,76;697,92;3,06
NSJX60UWP;34,45;0,0;100,0;100,0;1054,52;596,56
NSOJ07IHM;24,81;1,32;96,97;98,68;564,32;5,13
NSSK99QQC;37,61;3,85;98,99;96,15;719,27;136,94
NSVJ69ESC;25,44;9,37;95,45;90,63;612,77;5,6
NSVQ56AZP;21,7;0,0;100,0;100,0;571,29;64,27
NVCV98FME;65,37;59,86;89,9;40,14;1945,12;19,36
NVXN46JYS;173,75;3,02;97,47;96,98;4351,67;14,23
NWWH86HLY;24,64;21,33;83,33;78,67;854,31;2,91
NXZZ07FXR;13,98;19,95;83,84;80,05;539,27;3,55
NYBT56WPU;15,94;0,41;98,99;99,59;566,05;16,9
NYDJ17UUS;25,6;0,45;99,49;99,55;634,06;46,71
NYSA66KDE;67,95;17,16;96,46;82,84;358,41;6,78
NZHF31NTS;8,84;0,0;100,0;100,0;276,32;5471,2
OAWY81YIY;14,2;22,69;88,38;77,31;210,08;7,64
OBVA40KRF;9,02;0,0;100,0;100,0;262,22;112,87
OCRR18LTC;44,57;3,16;96,97;96,84;1348,1;5,04
ODFO56LOB;28,55;0,0;100,0;100,0;571,64;166,45
ODVZ52SIC;7,12;0,0;100,0;100,0;175,48;29,1
OEDA87HTT;8,47;5,94;94,95;94,06;223,72;17,54
OEGN51RLI;68,74;12,34;91,41;87,66;2008,65;11,88
OELH53NFL;31,82;3,39;96,97;96,61;358,52;11,14
OESV30XOR;29,17;15,51;97,47;84,49;1283,91;15,0
OEUK21CZR;1,82;41,77;94,44;58,23;81,69;8,73
OFEE62JBT;16,5;8,0;98,99;92,0;524,65;207,76
OGDL64ICT;4,87;6,8;96,46;93,2;658,76;54,76
OHED19NYE;57,88;14,97;89,39;85,03;1372,29;3,89
OHNH79XLK;155,98;8,33;98,99;91,67;387,39;266,33
OISN26GXK;18,09;0,0;100,0;100,0;184,97;138,73
OJHC28XPG;27,94;4,3;96,97;95,7;539,02;13,3
OJWH24BBU;22,85;0,83;99,49;99,17;3075,72;18,35
OJZW75KMC;5,51;15,07;89,39;84,93;254,61;5,25
OKLU34CEX;23,6;0,0;100,0;100,0;822,73;62,06
OKQN07CAC;28,38;0,0;100,0;100,0;441,42;24,73
OLEW18RSM;42,41;0,58;98,48;99,42;1076,7;9,8
OLMS34VEG;19,18;5,16;96,46;94,84;548,52;9,63
OMHX03GZF;30,07;6,37;96,97;93,63;671,06;7,66
ONTU47FXX;13,54;0,0;100,0;100,0;387,02;17,7
OPJD12KCE;30,51;1,22;98,99;98,78;819,92;13,33
OPPB50QWT;52,49;6,64;95,45;93,36;1256,3;6,99
ORBJ39SFE;36,52;3,71;96,46;96,29;754,48;7,26
OSFN08WSO;12,25;3,23;98,48;96,77;189,94;21,28
OSHR27ZTV;7,87;25,56;78,79;74,44;295,31;1,69
OSJO75AUG;24,48;2,78;96,46;97,22;1644,7;5,41
OTEQ39EOJ;17,11;0,64;98,99;99,36;1147,42;12,78
OTUA56BXX;29,98;0,0;100,0;100,0;2648,97;144,73
OUBF41YMR;10,54;8,93;95,96;91,07;488,12;8,99
OVJQ36TNG;14,56;5,48;97,98;94,52;198,52;13,55
OWJX28OTG;6,12;31,32;95,96;68,68;129,59;14,48
OXEL15MCN;5,75;6,41;95,96;93,59;173,9;19,7
OYTS04JYU;38,63;0,0;100,0;100,0;744,24;62,55
OZGL58WPA;29,35;0,74;99,49;99,26;2279,7;18,54
OZYM77AZU;10,45;23,51;91,41;76,49;1599,36;7,59
PBWK76OIS;33,93;14,17;86,87;85,83;1466,71;3,05
PCFE38WUG;67,96;20,81;82,83;79,19;1644,85;5,46
PFGZ81LVL;24,96;8,15;96,46;91,85;1665,97;6,56
PFJO30EEZ;22,91;12,12;93,94;87,88;748,43;6,38
PFNY82FSY;5,28;1,92;98,99;98,08;552,06;69,8
PFYW41KAU;12,32;0,0;100,0;100,0;249,8;142,13
PGRO19BGC;38,55;0,0;100,0;100,0;493,28;15,65
PHAE44MFM;20,86;0,47;99,49;99,53;655,58;17,53
PHBG16EOE;28,53;13,56;97,47;86,44;2291,43;25,41
PHFU23MFN;17,42;7,78;94,44;92,22;1994,91;6,68
PHFZ53NDI;10,84;2,64;96,46;97,36;797,7;6,41
PHGP07AIQ;48,81;11,8;91,92;88,2;1318,08;4,07
PICV67AWX;18,6;5,19;98,48;94,81;1628,99;38,91
PITW12VHT;31,46;9,99;93,94;90,01;613,05;4,55
PIWA88MZG;24,73;14,1;91,92;85,9;1325,33;4,19
PKEU98LWC;60,32;15,65;91,41;84,35;1936,39;3,94
PKKZ70YGN;7,06;41,36;79,29;58,64;638,02;4,21
PLDL23FSN;19,71;30,91;96,46;69,09;526,99;11,01
PLIB78VDF;28,82;9,47;93,94;90,53;548,83;3,54
PLPD73VVL;14,39;2,58;98,48;97,42;486,52;49,65
PLRK54FAW;13,53;1,01;98,99;98,99;409,49;30,29
PLSL66AFW;64,51;0,0;100,0;100,0;1589,49;154,27
PLST62KKK;15,55;26,19;97,98;73,81;195,7;57,66
PLWC05CAU;78,66;5,81;98,48;94,19;296,52;18,96
PMGO30PTM;34,97;11,66;94,44;88,34;666,19;3,5
PMON32JXM;45,05;0,95;98,99;99,05;801,88;14,01
PNKG18VPQ;5,08;9,08;92,93;90,92;192,33;5,64
PNUZ83MJA;13,59;19,05;89,39;80,95;248,98;3,65
POAN18DMY;16,98;19,99;81,31;80,01;751,04;2,49
POEP14MFF;4,77;1,75;98,99;98,25;202,42;23,44
PPCF38GNY;13,74;8,73;94,95;91,27;644,9;13,5
PPDD34VJC;21,13;7,09;95,96;92,91;752,58;5,62
PQDQ00TEB;1,87;79,34;93,94;20,66;204,45;42,88
PQLA64XZE;8,08;35,74;82,83;64,26;541,69;2,99
PQQM50KOX;8,45;25,74;92,93;74,26;619,15;5,67
PQZT34LLH;6,88;7,62;98,48;92,38;187,44;23,78
PRBI09OKT;31,23;3,3;98,99;96,7;1005,11;11,65
PSIY99BMN;44,69;1,4;98,48;98,6;241,03;16,71
PSOV29XVY;20,23;10,67;96,97;89,33;930,85;8,24
PTEI12CTX;92,97;19,25;86,87;80,75;5611,51;5,18
PTFI33KHS;12,33;4,41;98,48;95,59;329,61;26,14
PTFM53ANG;25,4;9,25;93,94;90,75;460,67;10,34
PWAS94WWG;53,35;52,68;80,81;47,32;1909,52;7,76
PWMB67VQZ;39,06;39,11;75,25;60,89;682,16;3,42
PWTR98HXV;11,01;3,85;99,49;96,15;363,39;57,65
PXAU54ENA;60,73;17,11;91,92;82,89;8011,54;4,6
PYOM85JTL;16,17;6,93;97,47;93,07;1033,77;6,95
PYQH69NNQ;32,65;28,46;87,88;71,54;476,18;3,87
PYQN27NUC;25,55;8,66;95,45;91,34;485,64;7,56
PYWQ64UBD;1,76;13,04;98,99;86,96;62,37;134,23
PYYC89TAM;11,71;0,66;99,49;99,34;270,02;87,93
PZDY46SHA;3,98;0,0;100,0;100,0;84,36;99,43
PZII81LBV;23,23;2,45;98,99;97,55;680,89;29,03
PZUX42PGO;21,54;2,61;97,98;97,39;764,47;7,99
QAJK29OLX;124,98;11,3;92,93;88,7;3093,68;8,59
QAJS91OHX;73,74;1,92;98,99;98,08;5920,1;8,79
QAYE06JJN;21,83;1,54;98,48;98,46;708,56;5,2
QBHV23BFP;12,41;2,47;98,48;97,53;517,4;15,32
QBRS61BFF;44,69;2,64;98,48;97,36;718,96;26,43
QBTT91ZHA;32,16;42,71;95,45;57,29;988,37;6,45
QCVO76KFL;22,14;3,1;98,99;96,9;278,84;11,81
QDQA42RMJ;14,19;3,8;98,99;96,2;79,39;39,8
QFBK33EBW;11,53;5,84;97,98;94,16;340,35;17,48
QHGJ45TQJ;28,97;1,85;98,99;98,15;558,71;34,1
QIZH02CFJ;19,38;22,34;99,49;77,66;797,15;139,93
QJNY67PSH;27,16;11,84;98,48;88,16;2550,91;20,14
QKYC71LXL;38,59;27,33;97,98;72,67;732,12;56,27
QMFO05EAV;14,19;9,98;94,44;90,02;431,34;7,25
QMJH05DXH;25,17;16,25;90,4;83,75;699,38;5,78
QNHR09IRJ;17,45;1,75;99,49;98,25;640,91;371,05
QNIS08ATI;29,89;5,51;97,98;94,49;737,12;13,74
QNVW66ZZO;18,91;0,0;100,0;100,0;453,3;119,2
QNZY95LQR;25,47;48,08;99,49;51,92;1485,51;62,85
QOCE07MJY;16,22;15,13;85,86;84,87;1068,65;2,06
QPEP34AUY;21,57;4,77;97,98;95,23;3294,0;15,43
QPHB74DRB;22,48;6,63;95,96;93,37;595,06;12,15
QPKZ26QKR;56,0;21,88;90,91;78,12;923,37;3,17
QPOO47NWY;20,1;24,17;85,35;75,83;501,37;3,58
QRKI37UKH;8,27;9,28;94,44;90,72;535,88;7,85
QSAR41GKP;36,22;14,29;99,49;85,71;1030,91;63,95
QSFI73EHC;9,03;0,0;100,0;100,0;2431,78;86,17
QSFM55YRX;33,17;1,56;98,48;98,44;1064,84;7,47
QSOF73TBC;37,84;0,0;100,0;100,0;873,74;720,83
QSYH24CQB;10,59;2,65;98,99;97,35;319,9;18,63
QTQQ18STC;19,83;38,7;95,45;61,3;413,79;19,41
QTVP34KGG;25,32;10,74;95,45;89,26;988,96;5,61
QUFK62CBN;27,86;0,0;100,0;100,0;679,84;97,54
QURP24BCZ;7,5;5,68;97,47;94,32;254,91;36,73
QUYF81ZTD;10,84;7,39;95,45;92,61;459,84;12,64
QVEN95FQS;52,81;0,92;99,49;99,08;1024,46;11,94
QVET18CQH;4,14;16,83;94,95;83,17;256,29;8,29
QVIC18WQB;145,58;5,58;96,46;94,42;1120,69;7,33
QVKL14FRX;9,42;6,57;93,43;93,43;588,12;8,28
QVVF88YKC;7,91;1,84;98,99;98,16;197,01;17,93
QWEV20OGI;0,05;0,0;100,0;100,0;12,63;16,67
QWMH94MOS;26,67;50,2;97,98;49,8;1180,98;65,5
QWMU99ZJU;14,81;8,75;95,45;91,25;1417,49;5,84
QXDM72XDH;27,88;2,35;96,97;97,65;939,02;3,63
QXLI12HEF;5,21;3,25;98,99;96,75;321,05;27,58
QXNY62CAT;1,83;19,43;96,46;80,57;2471,95;10,24
QZRC62ZAR;0,51;35,96;96,97;64,04;73,52;9,33
RBQF01BID;0,0;0,0;100,0;100,0;1,91;63,17
RBZM41MRT;32,65;7,6;94,44;92,4;600,59;6,66
RCQV17PQZ;74,08;3,87;95,96;96,13;731,8;6,92
RCVZ50CQS;30,07;1,68;99,49;98,32;944,33;26,57
RDDC35ZPD;18,3;6,27;95,45;93,73;2504,24;67,55
RDSE90QON;21,44;7,27;91,41;92,73;1040,9;2,79
REBD40JGD;29,85;11,35;90,4;88,65;15175,83;2,66
RFHD44BLL;15,17;2,35;99,49;97,65;1329,24;516,06
RFIU95FKX;17,75;18,18;98,99;81,82;276,42;138,21
RFKT10XUU;32,54;21,93;97,47;78,07;731,52;24,29
RFNP40JMM;3,91;32,0;80,3;68,0;324,11;3,23
RFRN99JDV;7,43;27,63;84,34;72,37;184,34;6,67
RFRW91JQI;3,05;12,49;92,42;87,51;249,86;13,12
RFWB96ZBO;19,86;13,41;88,89;86,59;487,38;4,56
RFYV28LSE;20,12;15,87;92,42;84,13;622,24;2,26
RHKP67BIT;14,48;2,79;97,98;97,21;489,23;14,29
RHPC77DDZ;8,22;1,34;96,46;98,66;398,98;5,11
RHPH31ZAW;8,69;2,56;95,96;97,44;738,33;4,38
RLTT30QZQ;51,82;5,31;97,47;94,69;1073,99;6,71
RMEO10IDD;24,97;4,78;97,98;95,22;822,46;15,73
RMRT61OGN;31,97;0,23;99,49;99,77;865,87;20,09
RNLT07BZT;33,12;23,61;86,36;76,39;6448,36;3,7
RNPD00TJP;15,14;44,59;90,91;55,41;3944,26;7,03
RNYZ69VWX;0,0;0,0;100,0;100,0;60,82;273,68
ROEA65EKL;14,62;6,03;93,43;93,97;897,04;3,59
ROSZ84SVQ;50,23;0,87;98,99;99,13;3187,7;65,18
RPHN38GZM;5,3;3,6;96,97;96,4;199,72;9,68
RPXH65UOY;28,35;9,14;94,44;90,86;805,08;4,05
RRDX20HSX;20,02;2,36;96,97;97,64;896,74;7,77
RRLE81TIJ;159,25;0,0;100,0;100,0;9971,59;124,17
RSKP89VRV;30,91;1,01;98,99;98,99;608,04;33,78
RTCK77LJY;78,88;12,76;87,37;87,24;6205,46;4,6
RTGZ03PJZ;6,52;4,03;94,44;95,97;555,15;3,89
RTKR55RVC;4,43;45,55;85,86;54,45;61,18;5,62
RTNB80BXR;10,21;24,75;97,98;75,25;251,99;32,93
RUSY71UCC;68,16;54,6;89,39;45,4;2467,96;7,01
RVGI69QBH;25,41;0,0;100,0;100,0;680,94;92,66
RWMR86BVE;44,69;28,25;75,76;71,75;37922,84;1,94
RXGJ59LBU;14,37;30,2;82,32;69,8;173,74;2,91
RYFU49ZQL;8,8;16,33;93,94;83,67;806,73;4,47
RYMM02JSD;164,36;57,82;82,32;42,18;7337,17;18,08
RYWP59HRF;18,56;7,73;95,96;92,27;354,87;18,85
SATU94FJU;56,23;16,07;98,99;83,93;3296,97;80,95
SBYE42KWB;5,7;1,43;98,99;98,57;320,34;30,13
SCEC37IHC;7,71;24,16;89,9;75,84;527,12;5,7
SDXR03CJM;27,05;24,96;92,93;75,04;2235,45;11,62
SFNF33VEA;9,5;20,86;86,87;79,14;205,51;3,31
SFTY06EHX;35,63;0,0;100,0;100,0;381,78;4,19
SFVG67HOA;36,29;2,42;97,98;97,58;915,09;5,92
SFZF48FFF;30,97;0,0;100,0;100,0;803,17;44,27
SGPW86DNX;7,19;0,52;98,99;99,48;394,65;13,47
SGZY18LHD;111,27;34,44;99,49;65,56;785,66;22,38
SHNA76NKD;138,88;16,53;94,44;83,47;3161,36;21,03
SHZF73GEU;17,76;21,57;91,41;78,43;270,91;4,85
SITQ34BIU;6,73;30,78;89,39;69,22;206,15;11,72
SIWE54BWL;13,79;6,07;93,94;93,93;1197,97;3,77
SIXB85VXI;41,66;1,91;97,47;98,09;1396,02;5,38
SJEO87YLD;12,13;8,92;93,94;91,08;539,17;5,7
SJIR38UOQ;45,04;7,47;96,97;92,53;1046,58;11,31
SJWY69YWU;19,44;6,15;95,45;93,85;461,15;8,26
SJZB75URG;0,02;0,0;100,0;100,0;14,53;6,31
SKCG11ZFH;33,43;9,23;93,43;90,77;662,3;8,22
SKGP93UFT;34,48;0,0;100,0;100,0;215,05;7,1
SLDR26WLL;73,98;39,18;81,31;60,82;13842,93;5,08
SLKH72NWZ;43,61;1,83;98,48;98,17;1839,33;8,06
SLUJ39XEO;31,43;6,51;96,97;93,49;862,79;5,21
SMUE50WJP;22,24;0,0;100,0;100,0;396,97;119,09
SMUP91GOP;13,7;0,0;100,0;100,0;362,79;56,21
SNUJ77GRX;9,39;3,09;98,99;96,91;155,94;18,68
SPHY20VZB;20,4;9,62;95,45;90,38;2985,61;3,9
SPTI10MOZ;26,97;7,06;95,45;92,94;1146,64;5,28
SQNX07KFL;22,11;1,42;99,49;98,58;275,32;19,82
SRKU40UIY;26,44;17,47;88,38;82,53;302,25;4,8
SRVK02SRB;3,48;47,57;99,49;52,43;114,32;78,6
SSBI86AKQ;26,4;2,81;98,48;97,19;641,46;8,45
SSFS75DVD;21,57;24,31;94,95;75,69;581,3;11,05
STWE89ZSK;7,13;18,28;93,94;81,72;136,52;11,66
SUFW78HDG;67,06;22,57;83,84;77,43;4036,63;3,88
SUMF86LVN;1,82;43,75;99,49;56,25;47,6;98,17
SUNE99ICB;23,27;0,0;100,0;100,0;765,4;53,55
SUVU33MZB;36,32;1,06;97,98;98,94;1210,05;5,12
SUVU36RJS;6,73;27,74;90,91;72,26;245,45;8,23
SUWS30NNW;21,93;13,88;94,95;86,12;226,3;9,21
SVBA60QWO;25,93;0,0;100,0;100,0;703,84;90,03
SVIU22BOP;27,9;1,11;99,49;98,89;207,37;45,62
SWDT98SLX;4,43;4,0;98,99;96,0;379,76;50,13
SWMC79DDX;24,3;46,77;95,45;53,23;1038,66;21,71
SWRJ43PWC;41,1;17,62;92,93;82,38;266,27;6,28
SXDU70KPB;7,2;13,17;93,94;86,83;397,09;4,82
SXGY87DCN;4,73;24,55;97,98;75,45;184,71;11,99
SXKC37WVO;13,54;0,37;99,49;99,63;912,33;11,82
SYGV77BZR;31,29;1,34;98,99;98,66;797,29;105,81
SYJJ43YJY;51,55;11,17;95,45;88,83;1864,34;4,75
SYYY06RBS;6,47;3,23;98,99;96,77;214,33;25,35
SZYM37OEA;27,77;1,68;97,47;98,32;889,87;5,87
TAFI57PNS;9,29;6,98;94,95;93,02;1087,37;4,31
TBRP94APL;1,56;2,72;97,98;97,28;203,64;8,56
TBUC93IQV;11,62;3,39;97,47;96,61;217,78;11,26
TBUT34GHQ;387,48;15,84;97,98;84,16;13067,45;60,09
TCAT17SBM;52,6;18,49;86,87;81,51;4372,59;6,93
TCCQ61EFF;8,19;0,0;100,0;100,0;204,8;82,76
TCMP09HLF;21,8;11,06;91,41;88,94;704,26;3,18
TCYS21XMB;14,41;17,45;87,37;82,55;465,22;3,23
TDDJ49HOQ;270,46;5,1;96,46;94,9;72273,92;4,68
TDID38XBP;18,79;18,93;88,38;81,07;1412,54;3,17
TDRF57ZZV;21,4;3,42;97,47;96,58;763,01;5,41
TDUD88VNN;3,4;45,83;91,41;54,17;39,15;13,46
TEPO39YNM;13,67;6,48;92,93;93,52;403,18;7,5
TETH66TIA;16,6;9,52;98,99;90,48;535,35;63,1
TFLS53NVL;27,69;18,93;91,41;81,07;1255,84;4,68
TGBX26ADI;29,19;1,89;99,49;98,11;1282,22;79,84
TGPM78EZN;20,57;0,5;99,49;99,5;695,17;32,66
TGTG47WSP;9,87;16,1;90,4;83,9;271,71;6,83
TGXK53CJL;122,05;8,11;98,48;91,89;396,33;117,83
THBX09CMD;5,23;0,0;100,0;100,0;207,93;60,37
THGT75MGJ;33,35;1,46;99,49;98,54;1723,76;69,03
TJYT91QAT;69,45;4,25;96,97;95,75;1033,79;6,59
TKCD29VJP;17,52;34,73;93,94;65,27;497,31;13,36
TKIS03YUJ;7,41;18,13;87,88;81,87;372,15;4,58
TLTH99XSQ;47,55;11,82;93,94;88,18;758,71;8,16
TLXX56RHV;34,86;4,12;98,48;95,88;673,19;80,69
TMKB60FXY;12,67;16,93;92,93;83,07;1134,05;4,99
TNWM98EUF;45,84;0,0;100,0;100,0;808,71;132,12
TOAD80FMN;4,26;14,36;93,94;85,64;339,71;7,95
TOMI82OSP;34,98;0,0;100,0;100,0;856,94;39,5
TPDD98FBK;7,37;59,08;82,32;40,92;254,76;10,04
TPPP81QTS;22,56;6,79;92,93;93,21;636,69;5,35
TPRX29BZA;23,2;10,97;93,94;89,03;758,51;3,53
TPYY95JQZ;11,45;19,61;80,81;80,39;504,16;2,46
TPZF75VDN;35,59;1,91;98,99;98,09;1539,24;16,14
TQBL17UUZ;30,65;0,76;99,49;99,24;2738,91;114,99
TQLU60KDN;10,7;6,67;95,45;93,33;1112,9;6,03
TQOX21ZKN;24,14;15,81;86,36;84,19;971,54;3,19
TRKK07TKT;32,99;19,61;87,88;80,39;2584,25;4,81
TTAY57NAO;16,34;10,92;94,44;89,08;826,44;5,4
TTCM99IHU;36,69;3,64;98,48;96,36;882,12;10,97
TTWC67PAM;33,45;1,33;98,99;98,67;838,24;122,94
TUAA01OUK;49,06;3,19;97,98;96,81;979,23;24,19
TULN35NJM;17,6;4,17;99,49;95,83;467,66;91,95
TUXU97NFG;22,72;4,6;98,99;95,4;839,63;6,19
TVJY51MSQ;108,65;11,29;90,91;88,71;2720,76;8,31
TVTQ73RFS;12,71;16,45;91,92;83,55;347,06;4,99
TVUP26XLW;7,25;50,82;95,96;49,18;278,58;22,53
TWDP65AIX;10,28;1,47;98,48;98,53;868,85;35,08
TWRF20YGC;33,58;0,0;100,0;100,0;637,17;45,12
TWRY85LFJ;28,49;21,98;97,47;78,02;2371,09;40,37
TXIB59UAE;6,75;3,94;95,45;96,06;760,48;3,54
TXTS73MAU;28,88;18,9;88,89;81,1;451,02;3,1
TYHY95VHF;14,76;0,0;100,0;100,0;498,55;83,09
TYWY16DEO;221,43;5,74;94,95;94,26;17901,97;7,97
TZTR28FEY;12,85;0,52;99,49;99,48;570,31;34,56
TZUP73BTI;76,16;4,1;97,98;95,9;705,71;5,42
UAGX12RJV;56,22;0,94;98,48;99,06;1173,94;10,99
UDHX89MHN;39,6;2,53;97,47;97,47;981,7;7,44
UEEZ93SMW;10,14;30,82;97,47;69,18;156,86;37,11
UESX36GHC;12,94;24,72;86,36;75,28;392,93;3,8
UGQR96OVL;14,85;13,45;86,87;86,55;908,57;2,59
UHAT15XQT;26,32;13,07;93,94;86,93;857,41;4,7
UIOZ53QBD;35,45;2,43;98,99;97,57;704,67;9,52
UKKS91HVP;17,05;0,0;100,0;100,0;465,45;103,78
UKNV37ULA;6,29;53,5;88,38;46,5;209,13;4,25
ULMN48IAA;34,08;13,55;95,96;86,45;415,03;8,88
ULUG71AAX;13,18;26,52;90,4;73,48;877,72;5,7
UMGM77DWG;6,89;5,24;97,98;94,76;927,32;6,97
UMMI66YVH;0,16;36,25;95,45;63,75;10,85;8,95
UOGR54AJJ;7,86;8,93;91,41;91,07;1421,44;2,21
UOIW32FZD;37,95;0,15;99,49;99,85;802,56;16,71
UORD98SGJ;9,4;6,25;98,48;93,75;227,36;78,16
UPAY35SQS;10,79;15,9;86,87;84,1;469,6;3,03
UPPY33BBQ;44,84;0,0;100,0;100,0;973,01;55,44
UPPY88MFL;17,71;14,75;83,33;85,25;792,9;2,4
UPWF73OTK;21,27;34,89;95,96;65,11;496,38;23,14
UPXJ58SPR;261,63;13,27;85,35;86,73;20997,88;4,25
URKT52PJR;16,56;0,63;99,49;99,37;450,59;46,76
USHX06KKA;12,19;6,16;97,47;93,84;300,26;7,2
UTNA37DNE;8,59;30,16;86,36;69,84;648,86;4,89
UUMC36RRN;46,65;15,9;91,92;84,1;1578,63;3,58
UVAB60CVK;37,24;10,91;97,47;89,09;931,88;12,33
UVKF24HZF;5,47;25,12;86,87;74,88;627,18;7,22
UVKQ34ZZT;44,57;11,0;93,43;89,0;1899,54;4,38
UWKY91JYO;26,85;5,44;95,96;94,56;2061,45;11,21
UWOH01FWF;26,04;8,67;94,44;91,33;773,26;10,93
UWPN18IQT;49,88;0,0;100,0;100,0;949,03;198,22
UXKW21WFB;26,23;14,85;89,39;85,15;1110,57;3,62
UZPU09HXC;26,56;7,62;94,95;92,38;497,33;23,45
UZZD93BCK;22,18;42,15;83,84;57,85;588,45;2,91
VAEF20KVP;18,07;8,06;93,94;91,94;694,44;5,55
VAJM98BAR;27,87;12,38;90,4;87,62;1205,7;3,71
VAOC41LXO;4,84;3,67;97,47;96,33;405,41;11,23
VBQC01EWD;17,94;13,37;96,46;86,63;246,39;11,0
VCAO88HDJ;14,48;5,54;98,48;94,46;637,04;58,69
VCKQ12PEJ;293,39;8,34;91,41;91,66;24766,5;2,89
VCPQ11DNR;57,73;27,68;76,26;72,32;63348,4;1,93
VCTZ45TLC;14,44;32,39;78,28;67,61;487,58;3,94
VDGZ74BQO;6,41;6,5;95,96;93,5;668,81;13,24
VDPF77AET;44,06;0,0;100,0;100,0;250,73;39,88
VDPQ65JML;28,63;4,9;95,45;95,1;2390,0;13,93
VEQW28XFQ;12,24;37,07;72,22;62,93;1039,91;2,04
VEZU16UAO;17,18;43,9;60,1;56,1;533,98;0,97
VFIH43FUI;19,84;3,56;97,98;96,44;427,55;15,68
VFVS31SRI;42,72;0,29;99,49;99,71;563,33;27,22
VFXE99TCX;30,03;28,5;91,41;71,5;737,66;8,97
VGUO76EGN;8,99;6,49;98,48;93,51;223,21;47,83
VGZQ62MFR;12,88;10,74;90,4;89,26;563,77;5,79
VHNG92NPQ;8,98;8,04;96,97;91,96;263,21;15,01
VHRD63MRQ;58,0;7,3;93,94;92,7;8912,91;4,01
VJFY24YVG;38,04;1,9;98,99;98,1;389,19;63,79
VJXA46YJV;71,41;28,45;85,86;71,55;2703,99;7,41
VJYA77ZKL;33,94;1,19;98,99;98,81;1056,64;16,55
VKKA83MYR;18,93;4,77;95,45;95,23;847,51;5,72
VKMT02NLP;15,72;35,03;96,97;64,97;216,26;22,03
VKPR75SMT;10,81;7,72;96,97;92,28;353,03;11,99
VLIZ23PWT;18,47;6,32;95,96;93,68;522,73;18,16
VMHG33HXP;3,82;12,5;92,93;87,5;83,61;7,09
VMLY44FVA;22,14;4,84;98,48;95,16;589,58;55,43
VMQQ77ZOV;6,22;22,37;83,84;77,63;261,15;5,74
VMXT58OKC;20,04;9,21;93,94;90,79;1666,78;7,24
VNCX04AYB;26,45;9,68;95,45;90,32;1895,29;10,06
VNDD37YKZ;26,81;3,26;98,48;96,74;3716,56;6,1
VNER88KYI;137,3;4,7;94,95;95,3;35703,1;6,34
VNMF29GQJ;51,77;36,05;81,31;63,95;1293,49;3,17
VNVO27LXT;28,2;4,86;96,46;95,14;691,35;28,21
VPOL68LNP;34,09;11,9;92,93;88,1;1155,18;5,01
VQJA05QTF;28,12;0,21;99,49;99,79;541,55;24,77
VRLE03HDN;9,78;10,03;92,42;89,97;310,85;8,79
VRPX18MSY;21,34;6,97;95,45;93,03;655,57;8,06
VSGT86SPB;27,44;7,9;95,45;92,1;493,88;14,98
VSYL05XGX;7,85;66,67;98,99;33,33;346,79;953,67
VTMM90FNA;0,2;0,0;100,0;100,0;15,42;33,93
VVPF83DQE;16,98;1,62;99,49;98,38;419,61;27,97
VVTH52ENP;13,27;0,0;100,0;100,0;950,41;95,33
VWBX47QRS;18,74;23,38;88,38;76,62;794,08;4,15
VWLU97PHY;14,15;13,85;98,48;86,15;259,65;12,74
VXHH54HHZ;10,71;3,57;97,98;96,43;238,51;8,03
VXVN17OEW;137,85;0,0;100,0;100,0;1722,18;100,77
VXYV20MFP;20,8;23,85;85,35;76,15;222,89;3,28
VZXK37PGT;13,47;43,79;91,92;56,21;561,75;14,62
WAMC06ZZR;17,86;7,45;96,46;92,55;466,46;10,35
WAON76OCZ;10,45;4,33;97,98;95,67;533,74;24,24
WCCG39SGJ;29,48;14,08;96,97;85,92;742,35;27,6
WCNM16COQ;11,53;5,8;95,45;94,2;746,87;8,24
WEGX88XCD;74,22;13,28;86,87;86,72;7413,42;2,95
WEMQ64JZW;43,87;6,6;94,44;93,4;6477,65;3,72
WEQO35JQF;23,13;2,15;98,48;97,85;995,66;11,79
WERK56LLN;11,58;13,29;93,43;86,71;365,98;15,58
WFBB66HWF;45,04;29,81;97,47;70,19;381,0;14,93
WFEJ46DYX;21,75;1,25;99,49;98,75;1880,24;36,36
WFTG45HGB;46,51;19,41;92,42;80,59;706,44;8,26
WGBN92WST;21,18;13,2;91,92;86,8;467,05;3,75
WGEI02BFP;44,92;3,35;97,98;96,65;822,58;6,72
WHBL52SNT;18,35;4,26;95,96;95,74;433,27;14,49
WHFO98CBT;31,1;1,19;97,98;98,81;557,25;6,93
WHKB94GJB;12,42;0,5;99,49;99,5;406,45;9,22
WIZO10EPL;49,56;1,23;97,98;98,77;1308,89;6,3
WJLI31DHL;34,37;0,3;98,99;99,7;661,29;32,31
WJNJ41QMC;20,01;14,58;91,41;85,42;1583,23;8,55
WJNT51AMA;27,36;16,25;89,9;83,75;2244,3;6,92
WJPY55QVB;25,99;27,65;73,74;72,35;14493,89;1,73
WLCA21RPR;66,7;15,45;84,34;84,55;2356,94;4,42
WLFM36VBX;17,98;0,0;100,0;100,0;460,61;115,15
WLFP10LFG;29,35;3,84;97,98;96,16;582,39;23,82
WLNB78SAN;17,2;11,99;95,45;88,01;445,21;17,62
WMDB07SPB;22,82;17,04;86,36;82,96;993,84;2,36
WMDL15NGL;52,48;7,52;94,95;92,48;679,58;8,51
WMDT13YIA;8,88;13,22;90,91;86,78;468,28;6,33
WMEE22MAN;105,98;6,83;92,93;93,17;13276,19;3,44
WMNM97UWP;15,96;20,02;86,87;79,98;248,42;3,27
WMOR31GBK;8,93;45,51;80,3;54,49;164,84;4,14
WNKP07NXO;12,18;18,05;86,36;81,95;658,99;4,61
WOIJ95CMV;43,68;0,0;100,0;100,0;786,36;42,45
WPCW36EXB;6,44;66,91;90,91;33,09;1314,24;10,63
WPXA43ZIE;30,07;18,76;92,93;81,24;370,78;4,48
WRAV09HIQ;107,51;13,72;95,96;86,28;2676,52;23,36
WRCW69WHA;26,08;8,7;92,42;91,3;896,99;3,39
WRDC21OHZ;12,37;4,46;97,98;95,54;1709,33;9,12
WRQB62IPW;60,88;0,0;100,0;100,0;1185,66;533,55
WRQN30ZRV;43,19;6,53;98,48;93,47;224,83;27,96
WSKC91CGX;6,52;7,14;95,96;92,86;267,25;12,6
WWAS66LVO;18,12;6,37;93,43;93,63;798,38;3,02
WXYE15FCZ;13,83;1,64;99,49;98,36;142,24;46,32
WYKF62EEV;20,59;7,5;96,97;92,5;396,91;13,93
WYOF97JMD;17,77;10,59;95,96;89,41;867,11;4,99
WYRN17UKQ;34,87;10,34;97,98;89,66;1130,06;257,19
WZDU50ODQ;6,17;38,83;95,45;61,17;215,28;12,03
WZMX43SQL;26,97;18,77;89,9;81,23;545,54;2,57
XAGA79NPV;11,19;16,67;90,4;83,33;496,48;5,74
XAGC02NKC;23,95;13,56;94,44;86,44;446,74;21,34
XAKX37DSH;5,49;3,33;97,98;96,67;752,7;6,77
XBOZ61NGL;1,57;19,15;94,44;80,85;110,35;18,12
XBVM33BFK;31,19;4,51;94,44;95,49;974,53;3,55
XCMA86QNI;45,98;9,27;92,93;90,73;605,16;5,01
XCPE58EOM;1,0;24,3;96,46;75,7;34,1;18,86
XCZH16DYT;40,46;5,71;99,49;94,29;2378,86;149,53
XDQL32GCN;24,75;13,0;96,97;87,0;444,44;88,0
XESF19QOL;109,95;3,25;97,47;96,75;3624,18;9,96
XEXX13LVG;39,41;0,59;99,49;99,41;1035,21;100,48
XFSS86ENP;19,38;29,0;72,22;71,0;7448,06;1,59
XGBN67XBS;0,39;0,0;100,0;100,0;30,02;121,29
XGKR86GEO;21,76;2,22;99,49;97,78;423,59;186,38
XHTK76QAK;27,75;9,0;93,43;91,0;552,42;7,79
XIIH75ZKM;27,16;0,0;100,0;100,0;403,21;424,66
XIQQ11DFL;12,78;10,64;88,38;89,36;491,44;3,03
XLBB96LQB;11,6;8,24;93,43;91,76;4425,54;3,65
XLPH35HHT;11,99;19,13;87,37;80,87;910,88;3,22
XLQC26ZHC;50,45;3,16;95,45;96,84;7614,96;4,13
XLQS11ZKD;8,51;6,2;95,45;93,8;267,18;11,39
XMBY37ZYQ;33,67;0,0;100,0;100,0;1046,55;65,47
XMFY42NTR;7,43;36,05;81,82;63,95;669,72;4,65
XMPF04PDF;17,33;1,55;99,49;98,45;423,54;108,63
XMWI66RQU;34,66;6,76;92,93;93,24;221,55;2,45
XNGH02RHN;5,04;9,84;94,44;90,16;119,76;9,56
XNJO25EKM;24,51;30,99;92,42;69,01;2001,89;9,72
XNVP51APW;20,85;8,17;94,95;91,83;2753,94;13,02
XOAP26UJM;28,02;0,0;100,0;100,0;805,64;84,67
XOOL57JJV;62,56;9,82;94,95;90,18;3561,54;17,52
XPGW87THZ;13,53;27,85;74,75;72,15;931,82;1,66
XPVH47FTK;29,4;28,36;89,39;71,64;935,0;5,43
XPWX68SNJ;13,49;14,8;94,44;85,2;324,0;12,62
XQKF27KMA;5,34;55,41;92,42;44,59;832,76;9,91
XQUC50NXC;182,31;7,39;96,46;92,61;5895,31;17,56
XQZP51OET;26,93;0,92;98,48;99,08;3198,74;6,53
XSHX91DTM;41,2;0,0;100,0;100,0;743,58;141,02
XTNP80BTF;54,12;20,72;94,44;79,28;484,95;10,4
XUQS98NZP;10,72;11,71;89,9;88,29;273,97;3,63
XUVV41MLB;20,81;0,7;98,99;99,3;1288,03;12,84
XUZZ14ZDP;39,32;2,12;97,47;97,88;10337,63;7,0
XWYZ22YSM;45,98;18,21;87,37;81,79;1983,03;3,1
XXAK75IJO;11,43;20,01;75,76;79,99;279,14;1,84
XXJJ71TAV;38,8;3,84;95,96;96,16;2921,64;15,42
XZFP32TTX;28,88;0,37;99,49;99,63;554,76;51,04
YACY00BTH;35,03;1,76;96,46;98,24;3737,89;5,2
YAIT16NAA;31,98;22,82;88,38;77,18;2626,83;6,27
YBGR62EID;20,36;0,27;99,49;99,73;665,69;18,7
YBIF35VSN;8,63;3,58;96,97;96,42;674,21;19,02
YBXA90GPT;70,38;3,86;95,96;96,14;4394,3;16,11
YDAS10QVH;28,17;2,91;98,99;97,09;867,32;38,5
YDCO38ZBK;4,2;49,12;82,32;50,88;115,45;5,29
YDCT98KJG;17,89;31,19;78,79;68,81;688,99;3,31
YDGA40PLB;11,37;15,47;89,9;84,53;236,07;6,29
YEIW32KNI;6,29;0,0;100,0;100,0;113,64;535,71
YEKB64BDP;43,78;4,96;94,44;95,04;1187,94;2,97
YEPB41JWK;2,33;3,93;99,49;96,07;64,09;41,61
YETI19PZC;17,93;18,11;92,42;81,89;600,07;6,52
YGCG78ADY;100,33;52,62;99,49;47,38;5123,86;29,81
YINX18ZNT;4,84;6,96;94,44;93,04;498,73;7,54
YIRD60PKX;22,26;6,65;93,94;93,35;549,19;10,22
YJWV38UJM;12,29;23,26;92,42;76,74;8372,29;3,95
YKAI34NXM;20,47;18,73;80,3;81,27;2938,02;1,96
YKKF67SRL;9,45;2,38;97,98;97,62;707,78;10,77
YKKN74YKQ;20,65;9,46;97,47;90,54;223,41;15,0
YLEK88IIW;24,07;7,28;94,44;92,72;858,41;2,39
YLFB21NCQ;11,13;0,0;100,0;100,0;351,23;8,19
YLYH48XYT;8,19;18,57;94,44;81,43;104,75;10,05
YOLQ59KBB;203,98;29,24;81,31;70,76;12743,11;4,45
YPPD13THS;21,64;0,0;100,0;100,0;229,21;53,02
YSHC86IPA;23,78;16,84;91,41;83,16;661,73;6,65
YSPM28TQQ;55,2;4,19;96,46;95,81;1091,56;5,23
YTAW64TVM;2,89;0,0;100,0;100,0;197,62;38,59
YTIG50ZCW;6,14;23,4;92,93;76,6;111,79;11,14
YUGB62XTR;8,23;0,0;100,0;100,0;171,19;34,73
YUVA79CUQ;27,91;0,23;99,49;99,77;2926,36;10,94
YWBF87LOB;28,4;15,06;94,44;84,94;348,06;7,8
YXHD21XCT;27,51;40,58;92,93;59,42;397,26;11,42
YXJK87KND;65,05;0,7;99,49;99,3;1462,6;42,49
YXMO56NPP;32,42;15,15;90,4;84,85;16027,66;3,4
YYAM17YQZ;127,67;11,92;91,41;88,08;3202,77;6,89
YYXK56YSS;21,54;9,28;90,91;90,72;1592,68;3,54
YZBJ73ISL;4,59;0,59;99,49;99,41;234,27;15,13
YZGF02JTH;47,19;18,32;92,93;81,68;3168,78;7,97
YZGY35ARL;29,87;31,31;90,4;68,69;415,22;11,74
YZJH39MDL;45,75;5,11;95,45;94,89;873,48;25,64
ZAFX55LEG;30,92;0,0;100,0;100,0;760,1;179,17
ZAJS51NRK;9,04;3,76;97,47;96,24;957,73;8,65
ZAKI17WGG;17,12;4,51;95,45;95,49;714,42;7,46
ZAOU99DZO;113,66;12,06;88,38;87,94;10222,68;2,65
ZBIZ78JQO;41,65;5,1;95,45;94,9;1117,66;8,76
ZBKD72AIO;45,58;0,51;98,99;99,49;932,46;9,43
ZBNK45BHA;42,23;2,19;99,49;97,81;774,1;59,87
ZBWM41KQW;46,06;0,0;100,0;100,0;822,14;299,24
ZCDP01RZO;63,92;31,44;98,48;68,56;602,81;30,14
ZCKS76OQU;17,05;11,45;90,91;88,55;4229,21;3,09
ZCNT51XDU;39,98;19,3;91,41;80,7;4520,8;5,97
ZCSV17DFX;29,61;1,13;98,48;98,87;798,06;8,9
ZDBX62FOM;25,14;27,46;91,92;72,54;829,7;10,64
ZDMH03JTE;12,14;16,0;86,36;84,0;649,22;4,09
ZDMU95TTO;29,61;2,18;97,98;97,82;515,46;4,56
ZEAI51VKB;45,92;0,0;100,0;100,0;816,24;288,6
ZEKA34BVX;24,55;3,64;95,96;96,36;352,83;6,51
ZERH99KAQ;30,07;1,15;98,48;98,85;877,25;4,74
ZFCY02ZGI;43,11;5,3;92,93;94,7;617,18;3,75
ZFKE25UCK;5,55;4,36;96,97;95,64;2066,85;7,1
ZFXO54RLM;27,16;0,0;100,0;100,0;810,47;62,61
ZHSA25SOD;9,71;17,17;85,86;82,83;618,9;4,91
ZICK63WUE;36,4;0,0;100,0;100,0;875,98;57,28
ZJDO50HTQ;50,13;15,06;89,9;84,94;513,35;5,88
ZJWB04DUR;38,76;6,28;92,42;93,72;1370,01;4,24
ZKJJ87WBB;63,96;40,88;91,92;59,12;2039,81;13,77
ZKRS66KLZ;0,23;50,07;97,47;49,93;27,81;7,83
ZKVK48OXP;16,05;0,0;100,0;100,0;369,52;78,0
ZLHQ75JJK;16,39;7,57;91,41;92,43;1666,11;2,57
ZLRR37REL;9,9;6,5;95,45;93,5;278,73;5,07
ZMIX82SHC;31,67;3,47;98,48;96,53;574,77;37,93
ZNTJ72IAD;7,8;5,88;97,98;94,12;249,3;37,23
ZODR48UZF;10,74;36,82;86,87;63,18;731,04;5,5
ZOEH73XWO;11,55;9,72;96,97;90,28;444,15;6,88
ZPLH72DJP;8,48;0,0;100,0;100,0;278,54;57,45
ZQEK04CLF;27,24;26,0;84,85;74,0;224,43;4,25
ZQRJ33XER;14,48;7,91;94,44;92,09;348,46;9,92
ZQWS51GKN;9,42;12,38;88,89;87,62;480,61;5,85
ZRFO13RPW;18,95;7,55;97,47;92,45;781,39;9,01
ZTMK96JEF;25,77;1,81;97,98;98,19;545,48;18,13
ZTRL00OJP;37,17;13,46;93,94;86,54;234,42;6,74
ZTUA71BLR;2,77;1,45;99,49;98,55;110,79;35,32
ZTUB51AZW;31,65;13,53;87,88;86,47;975,81;2,24
ZUXX81MNQ;10,11;25,89;93,94;74,11;713,33;13,47
ZWPB56MNX;12,61;22,22;99,49;77,78;417,58;765,56
ZXAB14DIP;13,18;12,83;89,9;87,17;8050,13;3,65
ZXCQ63DNK;24,05;0,0;100,0;100,0;808,48;303,18
ZXKZ02XRQ;34,61;0,44;98,99;99,56;777,87;14,12
ZYPW44SXH;13,45;59,92;97,47;40,08;899,9;13,13
ZZDK42XBB;42,2;11,93;90,4;88,07;2522,18;3,4
ZZFK95OMA;17,22;8,35;97,98;91,65;332,02;9,3
ZZLX71BEM;35,91;14,84;93,43;85,16;551,05;3,84
ZZUF86MEV;29,84;1,6;98,99;98,4;678,24;89,53
