SKU;Total Cost;Stockout Rate;Alpha Service Level;Beta Service Level;Average Inventory Level;Stock Coverage (days)
AARC08EBQ;21362,25;0,0;100,0;100,0;1172,98;118,01
ABQX30YRP;14418,2;0,0;100,0;100,0;295,31;24,04
ABYM76DAT;8601,55;0,0;100,0;100,0;590,61;66,44
ABZC45IMI;128654,84;0,0;100,0;100,0;1752,67;11,55
ABZO08CDK;142140,06;0,0;100,0;100,0;1456,09;6,21
ACFI41GPC;12122,79;0,0;100,0;100,0;265,57;15,59
ACQO46NVK;49534,36;0,0;100,0;100,0;1539,69;33,19
ACQX88XCS;28491,24;0,0;100,0;100,0;3080,95;34,49
ACSA76DHG;98311,24;0,0;100,0;100,0;3343,39;11,08
ADML95JEA;248630,98;0,0;100,0;100,0;644,24;33,78
ADRC82WLA;48871,16;0,0;100,0;100,0;539,68;27,86
AEYW04EAS;278780,36;0,0;100,0;100,0;6228,79;16,5
AFJX14TPC;170282,17;0,0;100,0;100,0;9923,8;6,5
AFOI33TBC;27721,22;0,0;100,0;100,0;883,7;15,57
AGNE71LCM;305724,87;0,0;100,0;100,0;4875,75;9,97
AGOV90VAY;1388514,4;0,0;100,0;100,0;95940,6;9,27
AHRX26EUI;1964,19;0,0;100,0;100,0;707,78;52,68
AHSQ10ADO;84487,65;1,14;99,49;98,86;1385,17;9,98
AJVS96PAY;315,09;0,0;100,0;100,0;128,18;101,52
AKAO10DDE;40820,35;0,0;100,0;100,0;538,96;8,58
AKQL51SZN;17897,43;0,0;100,0;100,0;892,73;44,37
ALAN21NRD;39082,01;0,15;99,49;99,85;1189,2;7,51
ALUB59SPL;155884,17;0,0;100,0;100,0;7406,36;8,25
ALVC28NVJ;80148,69;0,0;100,0;100,0;2187,1;11,76
AMGY06SEJ;5602,71;0,0;100,0;100,0;1053,45;344,2
ANEP69KSW;117492,64;0,0;100,0;100,0;1842,43;9,3
AOXT12ZOZ;46207,24;0,0;100,0;100,0;1519,56;7,33
AOZX54SFS;200030,2;0,0;100,0;100,0;6097,36;9,05
APJW02QGZ;27343,8;0,0;100,0;100,0;1867,74;16,07
APMP40YNJ;20766,08;0,0;100,0;100,0;1448,29;170,69
APZK92QSV;125136,2;0,0;100,0;100,0;1368,48;10,2
AQDF70FXF;16503,43;0,0;100,0;100,0;684,67;728,84
AQEG79FFY;207013,47;0,0;100,0;100,0;5401,6;22,25
AQMC12QMF;47896,67;0,0;100,0;100,0;888,38;9,89
AQQZ89VBR;10169,91;0,0;100,0;100,0;440,28;88,59
AQTP36TVE;31226,9;0,0;100,0;100,0;656,39;73,34
ARNR68HFV;1002190,25;0,0;100,0;100,0;211126,99;9,23
ARZE08ZTN;45474,75;6,45;96,46;93,55;8405,07;27,48
ATBC63UWV;37882,8;0,0;100,0;100,0;716,83;10,6
ATPH55ETY;25583,47;0,0;100,0;100,0;443,38;12,64
ATQP40GEG;40361,87;0,0;100,0;100,0;795,49;20,42
ATQV14KOX;67694,96;0,0;100,0;100,0;9458,85;39,48
AUZL62GWE;35293,66;0,26;99,49;99,74;517,19;10,62
AVIL64ITJ;92097,48;3,91;99,49;96,09;3777,37;13,23
AVQK51NHG;6010,99;0,0;100,0;100,0;3458,48;58,83
AVRZ64AAQ;797,55;50,0;99,49;50,0;520,18;4291,5
AWMJ94SYI;91891,54;0,0;100,0;100,0;1118,64;11,25
AXAN27EQX;72810,71;0,0;100,0;100,0;4716,22;79,57
AXXN38NAM;2211,29;0,0;100,0;100,0;452,67;101,27
AXYH42OMU;51320,78;0,0;100,0;100,0;881,13;15,61
AXYT24KOD;23888,64;0,0;100,0;100,0;293,75;20,62
AYBO60WQZ;14073,38;0,0;100,0;100,0;226,93;14,2
AYGO89PFR;51934,36;0,0;100,0;100,0;1312,28;17,6
AZDS82KHA;23563,3;0,0;100,0;100,0;1208,69;23,15
AZYE75BBQ;93608,29;0,0;100,0;100,0;483,79;9,49
BADM83ZDD;11349,17;0,0;100,0;100,0;295,96;14,98
BAHI62GTD;21778,62;0,0;100,0;100,0;423,32;10,85
BBAK71NWV;29668,41;0,0;100,0;100,0;1092,73;22,49
BBME69SAX;34202,2;0,0;100,0;100,0;868,97;16,5
BDKP01NVC;18438,1;0,0;100,0;100,0;1229,87;35,89
BEKQ52MGL;36067,86;2,49;98,99;97,51;954,17;11,74
BFCN97FQN;123737,66;0,0;100,0;100,0;1660,75;7,93
BGLV15DIU;16314,38;0,0;100,0;100,0;422,78;37,2
BGSL75BUY;200912,56;0,0;100,0;100,0;14316,74;20,22
BHZL40AUJ;29757,59;0,0;100,0;100,0;1538,88;13,58
BIDG61VWW;14125,85;0,0;100,0;100,0;379,15;19,32
BITM21SNR;21683,19;0,0;100,0;100,0;807,98;48,3
BJMB93NDS;51414,04;0,0;100,0;100,0;900,42;11,74
BJZJ35YTW;17803,11;0,0;100,0;100,0;543,86;9,14
BLHV10HLI;2388,22;0,0;100,0;100,0;254,39;75,18
BMLB33LZE;3913,15;0,0;100,0;100,0;115,18;23,71
BMMO53KQA;32970,78;0,0;100,0;100,0;1124,55;27,33
BMQG92LCP;18030,27;0,0;100,0;100,0;322,98;11,38
BNVP82AGQ;8570,62;0,0;100,0;100,0;450,42;62,28
BNXX22JOY;13160,43;0,0;100,0;100,0;248,87;24,35
BOQF92TBE;319505,44;0,87;99,49;99,13;9463,94;8,54
BPBN91QMP;65887,87;0,0;100,0;100,0;452,72;8,44
BPPR48ETE;126,22;0,0;100,0;100,0;104,48;28,73
BPWV22RQW;170677,41;0,0;100,0;100,0;1119,74;6,0
BQIO24HLH;62572,19;0,0;100,0;100,0;1093,69;7,08
BROX99EVJ;4090,87;0,0;100,0;100,0;1111,74;73,67
BRPP97OAD;33934,57;0,0;100,0;100,0;1495,66;9,34
BRWF46IRJ;16798,39;0,0;100,0;100,0;532,03;17,41
BTBT53HRF;111582,26;0,0;100,0;100,0;1067,4;8,03
BUAX02YXK;8713,96;0,0;100,0;100,0;43,99;4,0
BUFD91PLP;14556,61;0,0;100,0;100,0;416,54;44,29
BULO99HHM;18792,19;0,0;100,0;100,0;1281,02;20,98
BVLD98PJM;20463,46;0,0;100,0;100,0;948,89;17,95
BVLG54IQX;6935,92;0,0;100,0;100,0;499,9;73,16
BVZS73UON;714,45;21,6;98,99;78,4;47,74;44,38
BWIM68WJM;11726,76;0,0;100,0;100,0;269,62;14,85
BWVL00BWL;4535,56;0,0;100,0;100,0;760,67;102,46
BXEG08XWA;3615,54;21,51;94,95;78,49;685,12;50,56
BZIB63IFG;7492,05;0,0;100,0;100,0;683,93;28,8
CAIJ02DXV;25799,25;0,0;100,0;100,0;4297,45;78,01
CAOT92ECU;28262,73;0,0;100,0;100,0;4335,87;45,47
CBTL80HNX;110507,48;0,0;100,0;100,0;333,75;9,9
CDNX62QVY;131944,04;5,1;98,99;94,9;13399,84;15,16
CFSF52FDS;5708,38;0,0;100,0;100,0;467,95;28,51
CGME36BZF;13560,2;0,0;100,0;100,0;467,28;22,62
CGNN82OHK;4179,09;0,0;100,0;100,0;652,67;51,53
CGXK58LSV;6841,08;0,0;100,0;100,0;965,93;145,44
CGXU62CFR;601168,24;0,0;100,0;100,0;113645,08;8,5
CHHE55HDP;58390,49;0,0;100,0;100,0;3236,19;30,7
CHNM68VZF;38674,84;0,45;98,99;99,55;641,46;9,88
CHPD62HCA;220736,27;0,0;100,0;100,0;18959,29;9,02
CHRF16PET;1593,86;0,0;100,0;100,0;156,5;18,67
CIDP66VOX;10356,19;0,0;100,0;100,0;728,18;123,87
CIUV27OFQ;71199,9;0,0;100,0;100,0;1137,1;7,41
CJDD29FZZ;4725,09;0,0;100,0;100,0;920,12;187,43
CJQD68FGI;4295,82;0,0;100,0;100,0;415,97;95,99
CKYC93HJE;37450,89;3,26;99,49;96,74;555,11;40,77
CMNC99EEN;170239,16;0,0;100,0;100,0;26263,27;18,42
CMQF44EQT;3952,91;0,0;100,0;100,0;727,76;96,06
CNLX46BDJ;51459,99;0,0;100,0;100,0;2127,41;11,49
COPM90NQS;65,77;0,0;100,0;100,0;1709,59;75,39
CPAP94WOL;20891,6;0,0;100,0;100,0;814,68;18,45
CPQC93HQC;67708,49;0,0;100,0;100,0;853,45;10,09
CQMB14NXU;4308,8;0,0;100,0;100,0;710,55;287,71
CQUZ39ZBK;57871,34;0,0;100,0;100,0;1425,52;26,11
CQWA43VUS;84018,12;0,0;100,0;100,0;1754,48;12,32
CRPT93HWZ;77237,39;0,0;100,0;100,0;2152,85;9,13
CRQL91UBX;8598,72;0,0;100,0;100,0;814,42;60,85
CSPR32GGQ;48466,53;0,0;100,0;100,0;602,18;8,19
CUDJ16ZPV;52187,1;0,0;100,0;100,0;995,08;5,66
CUQW96QKG;77987,59;0,83;99,49;99,17;412,33;9,64
CVTY97UTZ;11901,84;0,0;100,0;100,0;291,67;30,57
CWFV18CLS;26547,2;0,0;100,0;100,0;1120,3;10,54
CWZN42MUK;7900,28;6,47;98,99;93,53;3217,64;22,64
CXUJ33EOP;542303,61;0,0;100,0;100,0;44810,49;13,07
CYEY37KJI;132543,63;0,0;100,0;100,0;899,37;6,52
CYIL54NKH;99,06;0,0;100,0;100,0;448,69;157,52
CYJA63XLN;102576,26;1,45;99,49;98,55;1421,33;22,62
CYOC41WYB;39742,31;0,0;100,0;100,0;1870,33;20,81
CYUC22ZBQ;60162,71;0,0;100,0;100,0;594,3;9,0
CZIS04ACI;259519,49;0,36;99,49;99,64;9855,67;8,72
CZKW28LKO;16453,29;0,0;100,0;100,0;1163,56;14,45
CZLZ12MWM;62793,1;3,49;98,99;96,51;584,9;7,4
DAWL45NTI;17136,5;0,0;100,0;100,0;446,34;230,15
DAZV00ZDO;6207,15;0,0;100,0;100,0;455,61;70,59
DCCI03FJF;26726,81;0,0;100,0;100,0;4309,09;131,67
DCYY41OXM;58862,17;0,0;100,0;100,0;1255,62;6,07
DDHH31OLZ;35941,6;0,0;100,0;100,0;1194,18;13,38
DDQO79YYY;30541,25;0,0;100,0;100,0;380,58;9,62
DDZF92MUD;10413,88;0,0;100,0;100,0;557,04;39,62
DECH95SPM;141964,51;0,0;100,0;100,0;3642,4;11,57
DENH39GDU;10086,78;0,0;100,0;100,0;528,33;47,38
DETF05GUN;79562,9;0,0;100,0;100,0;1584,05;16,15
DEUT18EKM;20,34;0,0;100,0;100,0;854,95;237,09
DEZG49HBU;11005,72;0,0;100,0;100,0;492,06;19,14
DFEL35GOO;22729,1;0,0;100,0;100,0;2588,13;33,3
DGID45KCK;117821,7;0,0;100,0;100,0;3300,83;11,38
DHWN85BFH;37474,7;0,0;100,0;100,0;308,14;8,4
DISR36IAW;77628,83;0,0;100,0;100,0;8221,56;12,08
DJCG91CEP;6643,5;0,0;100,0;100,0;394,55;46,61
DJDD16MJM;65289,06;0,0;100,0;100,0;597,87;6,15
DJVI99GND;118952,87;0,0;100,0;100,0;2138,36;12,36
DKDE49QWW;6943,17;0,0;100,0;100,0;346,54;23,12
DKEY88BQS;9581,94;0,0;100,0;100,0;1855,34;15,3
DLGZ60BGP;44175,58;0,0;100,0;100,0;1002,95;10,21
DLPB83LMJ;30,86;0,0;100,0;100,0;159,42;28,91
DLRA77DWW;4248,03;0,0;100,0;100,0;447,96;160,68
DMHG88IKV;76312,22;0,0;100,0;100,0;4536,95;7,23
DMND61MOE;15102,23;0,0;100,0;100,0;815,42;29,85
DMWW72ZFU;250147,67;0,0;100,0;100,0;1199,21;6,65
DMXD68DCV;227941,38;0,0;100,0;100,0;3728,37;12,01
DMXX95UHE;4887,15;0,0;100,0;100,0;383,03;49,96
DNKD63EQL;2979,89;0,0;100,0;100,0;1124,33;49,14
DOLF60TDO;328755,67;0,0;100,0;100,0;3391,17;7,39
DPFP00PPJ;164549,39;0,0;100,0;100,0;2907,48;14,51
DQDW59EWW;289,65;0,0;100,0;100,0;89,27;42,49
DQIB46WZL;128646,44;0,0;100,0;100,0;19377,78;10,09
DQST71BFV;5,5;0,0;100,0;100,0;1510,39;67,46
DRIH34TYV;2,08;0,0;100,0;100,0;2,03;16,71
DRNI18DTG;5254,36;0,0;100,0;100,0;493,98;29,89
DRRK91SFW;38939,85;0,0;100,0;100,0;353,11;7,85
DRSF41ZYM;95668,64;1,51;98,99;98,49;2109,61;7,43
DTHH24RED;23412,24;0,0;100,0;100,0;133,57;7,65
DUNO11XHP;24147,05;0,0;100,0;100,0;1559,47;39,56
DUVM50USJ;268234,59;0,0;100,0;100,0;14253,58;8,09
DUVP29CJD;44911,45;0,0;100,0;100,0;889,86;12,06
DVIH38MJZ;22485,43;0,0;100,0;100,0;706,32;18,25
DVKW42JPW;13887,53;0,0;100,0;100,0;348,0;149,14
DWXW23ROK;6758,43;0,0;100,0;100,0;394,71;33,14
DYNA08VND;26335,38;0,0;100,0;100,0;1971,32;33,4
DYNJ09FYL;8674,57;6,58;98,99;93,42;954,1;73,59
DZTV28HGD;13159,21;0,0;100,0;100,0;222,17;20,33
DZUE62FEX;29960,43;1,68;98,99;98,32;464,2;16,05
EAFE90WKR;20222,72;0,0;100,0;100,0;736,4;11,03
EAVM81BXB;36450,04;0,0;100,0;100,0;744,51;19,1
EAZW56VJA;35004,87;0,0;100,0;100,0;437,13;10,75
EBBS11TLR;7548,42;0,0;100,0;100,0;631,88;25,0
EDRV73GXD;16131,07;0,0;100,0;100,0;641,8;32,51
EEPK36WCP;17826,64;0,0;100,0;100,0;758,03;13,92
EEVG71ZRL;1640946,79;0,0;100,0;100,0;149593,03;9,75
EFRT03INZ;3557779,25;0,0;100,0;100,0;113585,05;8,05
EGBS04MIC;59392,41;0,0;100,0;100,0;3268,57;10,6
EGDC22FMA;5031,4;0,0;100,0;100,0;839,6;68,41
EHMN85AVL;32344,2;7,84;97,47;92,16;1144,65;14,42
EILO87FSQ;155869,37;0,0;100,0;100,0;6832,39;13,88
EJEL16XKW;5698,27;0,0;100,0;100,0;859,42;108,39
EJNQ36YZQ;7464,84;0,0;100,0;100,0;180,3;66,23
EJXK43CIV;15201,06;0,0;100,0;100,0;494,5;22,78
EJYJ78YSW;9883,18;0,0;100,0;100,0;448,97;32,07
EKGC04LZQ;56478,66;0,0;100,0;100,0;1351,73;9,46
EKSV29ZXO;196477,54;0,0;100,0;100,0;1284,26;4,87
EKZD71FSB;1435,35;0,0;100,0;100,0;254,02;88,24
EMGH86RXJ;23758,92;1,93;99,49;98,07;5869,07;10,84
ENFR62LON;41272,38;0,0;100,0;100,0;1796,91;19,02
ENMS51USW;8140,01;0,0;100,0;100,0;729,97;79,5
EORW09QCA;120472,23;0,0;100,0;100,0;309,74;9,21
EOWT02POH;27494,76;0,0;100,0;100,0;1273,13;9,73
EPWC52AUO;593684,16;0,0;100,0;100,0;47376,48;7,51
EQUZ91VJN;6,16;0,0;100,0;100,0;205,36;22,37
ERIM01DPG;38096,43;0,0;100,0;100,0;376,95;10,85
ERIO34WXJ;48179,94;0,0;100,0;100,0;4787,73;12,37
ESGO82VKN;13904,5;26,42;96,97;73,58;161,43;10,4
ESNE13YPM;5589,19;3,7;98,99;96,3;65,15;11,94
ESNI97XJF;121330,8;0,0;100,0;100,0;8828,2;9,13
ETOZ73RPG;457522,53;0,0;100,0;100,0;10693,28;10,48
EUEC33VDU;6068,65;0,0;100,0;100,0;844,91;99,58
EUKN02AQD;3386,76;0,0;100,0;100,0;757,52;78,12
EUQJ35PNX;47759,66;0,0;100,0;100,0;2828,79;48,62
EVTW65WNM;33933,21;0,0;100,0;100,0;1001,6;12,22
EWFT71UVQ;255707,16;0,0;100,0;100,0;1328,82;9,4
EWIH71EDZ;117009,45;0,0;100,0;100,0;5431,23;15,06
EXHX97JSF;3174,72;0,0;100,0;100,0;441,11;69,87
EXPM07IKN;24859,07;0,0;100,0;100,0;267,68;10,61
EXUJ38JPL;3705,37;0,0;100,0;100,0;518,06;176,25
EYKJ62LHJ;1589,46;0,0;100,0;100,0;149,71;111,44
EZHF94FIP;243785,58;0,0;100,0;100,0;1261,13;6,97
FANH24JCJ;172377,23;0,0;100,0;100,0;3733,68;15,81
FAVC49ZQG;48528,95;0,0;100,0;100,0;732,21;4,99
FBAC36ALE;6238,12;5,11;98,48;94,89;414,11;18,71
FBKY82IGW;14251,22;0,0;100,0;100,0;372,8;12,84
FDNK25WTI;148303,46;0,0;100,0;100,0;1394,33;13,88
FDPC43EZS;35886,6;0,2;98,99;99,8;927,85;10,47
FEZS07UUZ;47123,15;0,0;100,0;100,0;1434,45;12,69
FFGT42CIV;60595,65;0,0;100,0;100,0;1082,32;25,51
FFIA76SPB;4183,2;0,0;100,0;100,0;1848,08;41,4
FFNZ08VUQ;77447,9;0,0;100,0;100,0;877,55;16,74
FFTI00IAF;70878,15;3,84;97,47;96,16;1189,18;11,68
FHOD96CFO;4239,97;0,0;100,0;100,0;1345,68;97,67
FILI14GUK;116762,01;0,0;100,0;100,0;3808,02;9,71
FINQ79LCW;79343,01;0,0;100,0;100,0;1306,88;6,99
FJAF09OWD;21942,83;0,0;100,0;100,0;1212,95;17,93
FJAM67ERH;388996,22;0,0;100,0;100,0;4663,86;9,47
FJOZ43CSH;52647,03;0,0;100,0;100,0;898,79;10,31
FJUA69DZU;9903,01;0,0;100,0;100,0;250,87;18,55
FJVE86HCI;576256,88;0,0;100,0;100,0;92838,59;10,0
FKKM55CDJ;39935,38;0,0;100,0;100,0;1215,56;26,86
FKTJ89LEA;132109,12;0,0;100,0;100,0;8821,36;20,88
FLFD69QMH;270497,86;1,13;98,99;98,87;6125,18;10,05
FMLD62KEI;178124,0;0,0;100,0;100,0;562,33;11,53
FMPX53XWF;42170,52;0,0;100,0;100,0;973,8;36,15
FNEA23ISC;53476,55;0,0;100,0;100,0;1354,87;7,52
FNVU51FNV;50974,67;0,0;100,0;100,0;768,45;10,57
FOBR22MSN;4627,97;0,0;100,0;100,0;1281,42;557,63
FOBV94GVR;745754,45;0,0;100,0;100,0;59768,87;10,3
FOGA28EEH;29367,01;0,0;100,0;100,0;557,14;9,81
FOII60HZR;4,54;0,0;100,0;100,0;105,58;137,53
FOIO82HHP;424182,92;0,0;100,0;100,0;2269,88;7,28
FQDL25EZN;169,93;0,0;100,0;100,0;46,74;45,36
FQOF49BSR;37565,07;0,67;98,99;99,33;809,79;16,61
FQPR58URQ;726738,87;0,0;100,0;100,0;78301,12;8,44
FRAM30OZP;107677,81;0,0;100,0;100,0;709,4;6,93
FSCF22PDZ;80398,86;0,0;100,0;100,0;1870,72;6,04
FSNK66QLG;176472,75;0,0;100,0;100,0;1969,79;8,63
FSVM04JSS;115492,57;0,0;100,0;100,0;3447,97;22,16
FSYJ54YAN;3161,63;4,26;98,48;95,74;474,0;110,94
FTHK04EQC;24151,78;0,0;100,0;100,0;512,58;12,9
FTQE01RPT;158994,67;0,0;100,0;100,0;12068,55;10,4
FTQI85QCD;4295,16;0,0;100,0;100,0;828,48;2103,08
FTQW61QYL;38197,16;0,0;100,0;100,0;517,4;10,25
FTZN25UZH;176470,83;0,0;100,0;100,0;9996,67;14,05
FUDI74XNQ;3,79;0,0;100,0;100,0;3,21;26,5
FUFK88WUQ;86572,02;0,0;100,0;100,0;1387,95;13,58
FUQQ36LIP;23456,87;0,0;100,0;100,0;538,06;22,76
FUXY88GDB;215627,69;0,0;100,0;100,0;7298,89;7,64
FVBD37HQB;12139,15;0,0;100,0;100,0;707,5;21,3
FVCJ30RVH;83261,0;0,47;99,49;99,53;1789,77;7,85
FVUO62HTP;5258,02;0,0;100,0;100,0;774,02;57,27
FWRK19CWC;303,97;0,0;100,0;100,0;48,54;41,07
FXCI18WCK;5550,46;0,0;100,0;100,0;206,84;28,13
FXXV11MGP;12674,44;0,0;100,0;100,0;1191,23;38,84
FYBK70SNY;39046,4;0,0;100,0;100,0;4436,61;16,56
FYFO43CVN;57786,19;0,0;100,0;100,0;1141,01;8,51
FYRX53VAC;8481,32;0,0;100,0;100,0;553,64;33,93
FYYZ87QGO;4961,22;0,0;100,0;100,0;1140,02;41,84
FZFM65NZY;77298,42;0,0;100,0;100,0;941,36;5,95
FZFP28ORB;80576,63;0,0;100,0;100,0;8629,69;10,84
FZFT11JIE;70489,04;0,0;100,0;100,0;842,18;9,02
FZQA53CSD;34039,12;0,0;100,0;100,0;928,27;5,55
FZRY85XVB;15031,28;0,0;100,0;100,0;2765,27;86,58
GAYA56QOJ;498816,06;0,0;100,0;100,0;1491,22;8,07
GBUJ30ALH;790597,08;1,18;97,47;98,82;53832,41;24,32
GBZA17RMO;16939,45;0,0;100,0;100,0;668,77;10,95
GCRL34DDH;161071,89;0,0;100,0;100,0;1430,63;9,07
GDRE49GXM;199610,28;0,0;100,0;100,0;8065,07;15,86
GEIL72FVU;1965,98;0,0;100,0;100,0;153,17;50,55
GFWW34KWZ;42297,46;0,0;100,0;100,0;1195,94;140,95
GGJA06NJO;230036,27;0,0;100,0;100,0;2334,55;9,59
GGSN89NEX;41944,11;0,0;100,0;100,0;1414,39;16,78
GGTF06DQX;352826,29;0,0;100,0;100,0;29508,12;8,27
GHAD79ZCZ;8492,74;0,0;100,0;100,0;824,72;71,0
GHUL20KUB;62187,29;0,0;100,0;100,0;1000,55;9,38
GJWK81AYE;1631,4;0,0;100,0;100,0;263,31;87,62
GJXM03XNW;17589,09;0,0;100,0;100,0;657,36;17,83
GKQG13XVE;28872,34;0,0;100,0;100,0;4507,76;18,43
GLRA46ELA;27411,74;1,1;99,49;98,9;524,42;47,41
GMJG11AQC;133540,53;0,0;100,0;100,0;745,64;53,8
GNPV74IUC;15505,78;0,0;100,0;100,0;434,53;13,79
GOJD85HYI;25568,94;0,0;100,0;100,0;521,12;14,2
GPKK85RER;68,76;0,0;100,0;100,0;1629,34;87,31
GQWT95LLK;87423,23;0,0;100,0;100,0;715,07;8,38
GREQ59HTG;45436,78;0,0;100,0;100,0;3941,96;9,79
GROT79YWF;120039,82;0,0;100,0;100,0;1729,97;8,6
GRUM26KMW;34397,02;0,0;100,0;100,0;952,01;14,05
GRUW68GNK;20139,19;0,0;100,0;100,0;8820,45;142,86
GSLX00NDE;8977,75;0,0;100,0;100,0;483,13;65,07
GSPG11FMG;5436,07;0,0;100,0;100,0;315,56;38,57
GSWH65QOX;18800,02;0,0;100,0;100,0;1438,86;30,96
GTMS54WYS;27614,64;0,0;100,0;100,0;716,67;14,09
GTVF20BNT;6714,51;41,21;96,97;58,79;182,72;19,26
GULI61IDJ;86082,15;0,0;100,0;100,0;962,01;7,94
GUSZ71BXE;147869,44;17,03;94,44;82,97;6941,37;20,09
GUYI09INC;23066,64;0,0;100,0;100,0;1407,52;46,22
GVFL45RLZ;4358,39;0,0;100,0;100,0;315,76;31,9
GVMB23LHG;8457,39;0,0;100,0;100,0;965,52;88,02
GXLZ95BIB;7195,38;0,0;100,0;100,0;632,61;81,55
GXUY27OKX;194471,17;0,0;100,0;100,0;7642,37;11,99
GYVJ53YTT;41670,66;0,0;100,0;100,0;4596,49;11,81
HAGM08JED;80347,76;2,52;98,99;97,48;1163,43;11,36
HBRR20NFA;104643,06;0,0;100,0;100,0;1856,17;9,57
HBRU63IHL;87895,5;2,38;98,48;97,62;3275,64;18,61
HCAY34CLI;7886,93;0,0;100,0;100,0;702,34;120,3
HCCJ85WIT;13,7;0,0;100,0;100,0;742,85;101,02
HCXC23JBK;2430,23;0,0;100,0;100,0;605,94;169,46
HDIJ21OEK;24020,33;3,9;98,99;96,1;799,53;13,08
HEAC11CHX;7179,18;0,0;100,0;100,0;544,48;51,05
HEBX11TNP;3477,07;0,0;100,0;100,0;732,36;90,18
HEDE46UIT;43716,05;0,0;100,0;100,0;533,51;9,74
HFSA48UZA;83885,96;4,03;98,48;95,97;2650,92;13,98
HGHK36SLL;7430,09;4,88;98,99;95,12;245,98;36,0
HGZW01FRJ;227831,89;6,17;97,47;93,83;10547,29;23,86
HHBY01SXC;395436,72;0,0;100,0;100,0;20584,02;9,59
HHQH93YHL;27549,22;0,0;100,0;100,0;949,55;19,67
HHSY05IZY;10451,17;0,0;100,0;100,0;979,95;18,07
HIIL72RNZ;2,91;0,0;100,0;100,0;124,06;63,97
HISJ17RBJ;28953,57;0,0;100,0;100,0;1403,38;14,24
HJJD34BIQ;37816,03;0,0;100,0;100,0;662,3;16,13
HJRP94FDS;44780,47;0,0;100,0;100,0;5253,74;48,56
HLAH20ISI;115579,56;0,0;100,0;100,0;1010,38;8,38
HLDZ44QZN;8601,39;0,0;100,0;100,0;461,54;54,66
HLUD48LVM;40735,49;0,0;100,0;100,0;511,7;8,97
HLYY07FTD;179946,5;0,0;100,0;100,0;6131,56;7,1
HMKR20JJT;71326,0;0,0;100,0;100,0;1897,73;8,02
HMQV92SHD;77395,56;0,0;100,0;100,0;622,33;10,64
HNBP43ZMJ;16,44;0,0;100,0;100,0;418,33;15,63
HNMO99LMZ;73421,97;0,0;100,0;100,0;1343,97;22,01
HODW59JKZ;30818,73;0,0;100,0;100,0;1141,67;19,58
HOUN33UQR;34655,25;0,0;100,0;100,0;1057,25;23,34
HPDG47ERF;11303,2;0,0;100,0;100,0;417,21;20,97
HQCP63KVF;9354,5;0,0;100,0;100,0;272,92;88,88
HQEV03LEY;13200,25;0,0;100,0;100,0;654,46;15,56
HQMJ53GFK;181887,33;0,0;100,0;100,0;10229,79;7,95
HRMD73WFT;1440,58;0,0;100,0;100,0;36,65;21,6
HRVO22SVX;65042,53;0,0;100,0;100,0;1829,12;21,27
HSET43YAZ;12482,55;0,0;100,0;100,0;148,02;10,36
HSOG84USO;25869,3;0,0;100,0;100,0;347,56;8,84
HTOA76TVA;30040,04;0,0;100,0;100,0;1081,81;11,63
HTOY37YRT;2074,01;0,0;100,0;100,0;1275,64;316,51
HTRF26XLO;180341,52;1,08;98,48;98,92;1762,16;11,25
HUDS58NYR;36573,16;0,0;100,0;100,0;684,72;9,96
HURR77KQR;45642,56;0,0;100,0;100,0;544,26;7,17
HVBK11FDL;4011,89;0,0;100,0;100,0;1531,52;88,36
HVFK79WMU;20086,45;0,0;100,0;100,0;2011,76;28,24
HVLG50BVG;17345,17;0,0;100,0;100,0;216,32;9,69
HVRL62TUS;56375,1;0,0;100,0;100,0;711,45;15,76
HXEC39WBV;367045,97;0,0;100,0;100,0;51225,31;12,47
HXFM18BTQ;9198,13;0,0;100,0;100,0;406,35;9,91
HXGG96DOT;87240,06;0,94;98,99;99,06;3979,57;27,31
HXLO55PYA;4,8;0,0;100,0;100,0;139,09;176,54
HYLX99XNX;102737,75;0,0;100,0;100,0;2717,74;21,88
HYRL60UZX;31848,88;0,0;100,0;100,0;769,2;17,48
HYYE50BCF;8829,88;0,0;100,0;100,0;317,98;19,53
HYYT98EPJ;62043,21;0,0;100,0;100,0;598,71;10,57
HZBL04PBW;46012,36;0,0;100,0;100,0;442,38;6,89
HZQO09WWV;33282,93;0,0;100,0;100,0;336,72;28,15
IAAB15LKG;1181155,89;0,0;100,0;100,0;37231,13;7,03
IAME04NHZ;10812,85;4,52;94,44;95,48;816,46;26,28
IAVE29ZKQ;19636,72;0,0;100,0;100,0;3676,4;102,64
IAZX92GXT;295940,21;0,0;100,0;100,0;2932,52;6,01
ICIQ56AHA;55810,7;0,0;100,0;100,0;1835,76;12,56
ICQZ39GIQ;192832,83;0,0;100,0;100,0;8822,75;11,32
IDIW64NXE;148481,56;2,57;98,99;97,43;15042,03;10,86
IDNJ93PNO;4686,54;0,0;100,0;100,0;194,32;69,2
IEXW92LIG;6328,37;0,0;100,0;100,0;437,47;113,97
IEZW96UJQ;44400,27;0,0;100,0;100,0;368,88;18,12
IFAF73ACY;2844,21;0,0;100,0;100,0;88,36;15,51
IFMM15HOG;87567,57;0,0;100,0;100,0;1000,62;10,77
IFUM81APG;244476,75;0,0;100,0;100,0;5735,49;17,36
IGDR16QDJ;111264,61;0,0;100,0;100,0;6354,37;8,84
IGNZ10AFU;100916,29;0,0;100,0;100,0;2421,52;18,53
IHER07ULN;340951,44;1,05;98,99;98,95;25515,22;16,58
IHWW65EJN;30809,94;2,97;99,49;97,03;2620,87;30,84
IIVY41ZQT;0,34;0,0;100,0;100,0;342,2;46,09
IIWK53ARM;1582,97;0,0;100,0;100,0;244,57;84,07
IJHW44CLJ;2,33;0,0;100,0;100,0;55,31;273,8
IJJV67YIT;12672,04;0,0;100,0;100,0;467,42;28,46
IJVO28CYP;139467,85;0,62;98,99;99,38;6401,44;7,5
IKCX64IZL;16722,45;0,0;100,0;100,0;676,71;20,84
IKWF51IYN;7325,61;0,0;100,0;100,0;699,3;25,44
ILCV57TKU;15004,23;0,0;100,0;100,0;524,65;21,37
ILSB97ANL;10601,7;0,0;100,0;100,0;584,85;23,57
IMKD58PCC;36317,98;0,0;100,0;100,0;647,76;18,58
IMWD26LTG;25635,69;0,0;100,0;100,0;894,67;8,0
INFH77ZPC;78541,23;0,0;100,0;100,0;944,98;8,31
INOC35AVI;28265,89;0,0;100,0;100,0;237,8;8,67
INXF14GAZ;4713,42;0,0;100,0;100,0;841,43;179,53
IOJD33BIL;12469,02;0,0;100,0;100,0;996,84;38,18
IOJN59NCJ;15961,1;0,0;100,0;100,0;926,29;28,7
IOUT43PTU;58529,44;0,0;100,0;100,0;934,05;10,56
IPRI75HMR;139736,17;0,0;100,0;100,0;3059,37;8,94
IPSC35CXR;43967,22;0,0;100,0;100,0;1597,82;15,64
IPSX84OJB;14177,2;0,88;99,49;99,12;232,73;20,34
IPYX96FNK;6445,39;0,0;100,0;100,0;826,55;156,16
IQAL30OWP;29079,25;0,0;100,0;100,0;1314,75;23,51
IQYF35ALA;6441,21;0,0;100,0;100,0;159,47;15,85
IRGW30AKZ;2578,3;0,0;100,0;100,0;154,61;38,65
IRPP40BNN;13867,14;0,0;100,0;100,0;804,75;60,26
IRUU49IDE;4724,41;0,0;100,0;100,0;2444,09;896,17
IRVF75ULJ;8952,71;3,64;98,48;96,36;3200,39;53,39
ISHM74IDS;70572,02;5,84;97,98;94,16;2668,46;16,4
ISOD32CNV;264442,82;0,0;100,0;100,0;15762,99;6,36
IUQL98ATE;6745,39;42,97;96,97;57,03;298,22;31,09
IVSG78ZEI;14726,25;0,0;100,0;100,0;1115,37;43,41
IWNQ31NOY;7723,12;0,0;100,0;100,0;513,39;32,52
IWOJ74IEC;3535,77;0,0;100,0;100,0;1000,12;114,6
IWUD97LHN;3281,18;0,0;100,0;100,0;446,61;184,22
IWUU46ORH;1646,37;0,0;100,0;100,0;145,54;19,21
IXZW52LCZ;27257,03;22,86;98,99;77,14;2104,67;75,25
IYTI61EBI;124621,12;0,0;100,0;100,0;3237,72;10,7
IZBP30PWV;22192,67;0,0;100,0;100,0;584,57;26,52
IZNB93SPC;539378,55;0,0;100,0;100,0;4939,86;6,96
IZVB26MLS;12235,31;0,0;100,0;100,0;235,21;39,6
JABK79WLP;1105,64;0,0;100,0;100,0;2546,52;61,64
JBVG41CPM;26,82;0,0;100,0;100,0;1675,15;230,33
JDPI18ZQV;7667,74;0,0;100,0;100,0;390,97;21,29
JDPV09HTZ;76168,95;0,0;100,0;100,0;1279,48;7,99
JFDA82FJE;58795,53;0,0;100,0;100,0;9046,61;18,05
JGVB34FGM;77860,11;0,0;100,0;100,0;1218,93;26,69
JHCM63OPB;123979,64;0,0;100,0;100,0;9625,8;9,97
JIUT73XUD;25321,89;0,0;100,0;100,0;464,0;50,7
JIWO41RQV;1964,78;0,0;100,0;100,0;1546,08;106,48
JIWT95KYU;32865,38;0,0;100,0;100,0;2287,08;25,24
JJCS63IKB;23337,33;0,0;100,0;100,0;526,39;12,61
JJON89KAQ;41898,79;0,0;100,0;100,0;2068,39;21,79
JKHG14ENE;110779,01;2,36;98,99;97,64;1678,85;7,66
JKPW72ZWO;8573,69;0,0;100,0;100,0;814,47;29,76
JLDB00FDM;63203,91;0,0;100,0;100,0;5096,61;14,19
JLWL67UWA;6509,18;1,56;98,99;98,44;163,32;14,81
JMGP54LAK;13411,92;0,0;100,0;100,0;357,25;404,2
JMYA00NAU;17898,6;0,0;100,0;100,0;482,7;9,84
JNBP94JIQ;356719,91;0,0;100,0;100,0;4001,77;7,81
JPAO23QSY;13958,98;0,0;100,0;100,0;799,85;29,41
JPDD96AYM;182,28;0,0;100,0;100,0;4522,83;410,79
JPHL26ELP;200818,77;0,0;100,0;100,0;18956,12;12,34
JPYL14EWN;332764,61;0,0;100,0;100,0;63030,14;12,29
JRAL21USQ;7618,83;0,0;100,0;100,0;205,27;31,85
JRAV08VOG;94257,05;1,43;98,99;98,57;3289,26;15,19
JRPY91SOX;36680,81;0,0;100,0;100,0;939,13;11,21
JSMG06JUP;37399,97;0,0;100,0;100,0;1154,24;16,66
JTEC14SVF;73951,72;0,0;100,0;100,0;4172,36;13,07
JTSC86GSN;2292,38;0,0;100,0;100,0;31,72;15,62
JULB23LYV;62501,7;0,0;100,0;100,0;593,7;9,46
JUMZ90SON;42255,22;0,0;100,0;100,0;359,06;36,95
JURP55TNB;9571,03;0,0;100,0;100,0;525,1;71,7
JVGI69CNI;29039,73;3,04;97,47;96,96;2523,22;20,61
JWPF06IPT;62515,21;0,0;100,0;100,0;1115,21;11,32
JWSO29LLY;63360,55;0,0;100,0;100,0;2419,79;10,48
JXPT74III;13003,02;0,0;100,0;100,0;1007,74;40,36
JYIF49VCY;13096,27;0,0;100,0;100,0;361,97;15,18
JYOR52AAI;984,57;0,0;100,0;100,0;14,84;12,89
JZCG80FPW;1,98;0,0;100,0;100,0;40,93;289,43
JZMP55IIC;8131,39;0,0;100,0;100,0;1808,24;532,79
JZQH67YJC;743,66;0,0;100,0;100,0;20,72;18,65
KAIF05ZMR;41588,82;0,0;100,0;100,0;715,02;12,77
KATM71XZV;186113,77;0,0;100,0;100,0;1371,0;96,6
KBRS15KBZ;44719,69;0,0;100,0;100,0;2481,16;48,22
KDNB35ESH;98705,36;3,74;98,48;96,26;2055,54;8,25
KDXN99RWW;21969,55;0,0;100,0;100,0;1228,85;72,24
KEAV69GXC;21811,55;9,84;96,97;90,16;464,61;24,34
KEDH40XKI;34060,27;0,0;100,0;100,0;633,22;13,18
KEGV36DAK;7183,88;0,0;100,0;100,0;660,1;40,89
KEOG38LJB;36510,72;0,0;100,0;100,0;688,58;26,61
KFJA08WMR;30906,64;0,0;100,0;100,0;1214,79;11,93
KGGU92NCK;7883,46;0,0;100,0;100,0;2177,98;113,78
KGQJ86RGE;39448,54;0,0;100,0;100,0;3118,79;82,34
KIKI22HLV;327435,68;0,0;100,0;100,0;73812,84;19,82
KISK75HHE;61478,05;0,0;100,0;100,0;1230,17;10,94
KIZY80SQZ;11,43;0,0;100,0;100,0;306,54;296,07
KJHN86DUW;1021546,61;0,0;100,0;100,0;63145,34;14,99
KJVB98UOX;61585,76;0,0;100,0;100,0;1176,34;17,58
KJVN79FCJ;110150,51;0,0;100,0;100,0;1946,3;8,9
KJXR06JYP;477,67;0,0;100,0;100,0;1145,77;63,12
KKPK50SLM;5613,44;0,0;100,0;100,0;457,73;43,78
KKVY55EYF;62142,02;0,0;100,0;100,0;1361,31;10,57
KLLB71ZBA;42468,44;0,0;100,0;100,0;943,49;9,8
KLNM69UBY;6,97;0,0;100,0;100,0;169,49;279,67
KLPY86FFO;16294,33;0,0;100,0;100,0;368,29;19,01
KMNU34MNI;22783,64;0,0;100,0;100,0;1266,91;32,51
KNVU41HAK;2594,79;0,0;100,0;100,0;229,32;35,03
KOAG82LNN;25422,89;0,0;100,0;100,0;975,33;17,88
KOBC79USM;8603,45;0,0;100,0;100,0;519,12;13,85
KOPU25RNN;391363,74;0,0;100,0;100,0;757,03;5,24
KPCQ58KZG;176563,36;0,0;100,0;100,0;2606,71;6,8
KPLW81ZAQ;4051,47;0,0;100,0;100,0;560,4;45,48
KQLF81MCL;66,29;0,0;100,0;100,0;1389,39;159,02
KQMJ38JHG;3127,78;0,0;100,0;100,0;567,58;261,35
KRVL55ZWU;9838,15;0,0;100,0;100,0;457,91;19,35
KSSV50UIL;292441,19;0,0;100,0;100,0;7056,96;11,37
KTDU42EAN;79354,54;0,0;100,0;100,0;5802,62;32,81
KUJY83GUW;479987,35;0,0;100,0;100,0;39520,17;19,91
KUVZ73GFW;29695,31;0,0;100,0;100,0;1282,82;15,12
KVWR17USS;28129,64;0,0;100,0;100,0;872,44;27,4
KWGR31INJ;13318,27;0,0;100,0;100,0;880,32;101,58
KWKD14XHF;45793,41;0,0;100,0;100,0;1753,51;7,59
KWRK89YPZ;9881,49;0,0;100,0;100,0;1648,38;116,15
KXAQ21HJS;16134705,32;0,0;100,0;100,0;792633,2;11,82
KXVU19DTS;6845,04;0,0;100,0;100,0;408,12;53,73
KXYH49BAN;583,41;14,42;98,99;85,58;160,48;152,77
KXZG43TEQ;7521,98;0,0;100,0;100,0;754,56;40,52
KYTD18KWX;12276,83;0,0;100,0;100,0;670,59;31,41
KYYY81SZH;929,22;0,0;100,0;100,0;180,19;59,46
KZPM90IOE;89869,0;0,0;100,0;100,0;1638,3;8,39
LANG05GLL;26444,92;0,0;100,0;100,0;1146,21;13,0
LAYU27DTV;45774,37;0,0;100,0;100,0;601,71;10,72
LBKZ83QGL;159056,22;0,0;100,0;100,0;2089,02;5,58
LBWV61MFS;17398,89;0,0;100,0;100,0;1155,37;48,1
LCHA32QRM;29725,64;0,0;100,0;100,0;685,98;20,12
LCMP16UWA;26985,36;0,0;100,0;100,0;394,33;12,02
LGNB38OKA;31464,96;0,0;100,0;100,0;323,6;28,9
LGVU73IOE;63545,83;0,0;100,0;100,0;948,9;7,17
LHGZ47ZKR;1627,74;0,0;100,0;100,0;160,12;23,48
LHHR13DYH;39812,26;21,29;96,46;78,71;257,61;9,93
LIDX01FCC;45348,32;0,0;100,0;100,0;227,79;7,72
LIQG52OVU;30111,36;0,0;100,0;100,0;352,34;8,99
LJEU84KLZ;7178,28;0,0;100,0;100,0;1067,07;16,93
LJFZ98YME;141858,55;0,0;100,0;100,0;22863,86;10,52
LKRI20AQZ;9615,33;0,0;100,0;100,0;762,82;123,4
LLQI41IEB;38757,72;7,48;98,99;92,52;5473,56;30,57
LLXD75ZBV;547841,85;1,05;98,99;98,95;11928,87;18,48
LLZB92AAC;11629,08;0,0;100,0;100,0;291,64;97,54
LMAC50HHC;20,82;0,0;100,0;100,0;5988,33;259,17
LNUO09VWB;15961,18;0,0;100,0;100,0;465,54;91,81
LNWJ49IMG;75233,24;0,0;100,0;100,0;910,32;19,06
LOZN87MWO;9677,54;0,0;100,0;100,0;693,16;56,9
LPIM15GYB;39567,89;0,0;100,0;100,0;2601,92;15,15
LQET50QZS;235898,21;2,02;98,48;97,98;32406,05;12,51
LQPM02FMR;13578,52;0,0;100,0;100,0;422,14;73,58
LRXD46HHJ;9014,48;0,0;100,0;100,0;718,11;62,86
LSFB10SHE;45603,18;1,21;99,49;98,79;4134,34;14,51
LSMK82MQK;4771,42;0,0;100,0;100,0;854,49;81,93
LSUN03GBQ;5821,59;0,0;100,0;100,0;235,94;199,64
LTYN44KDO;62237,55;0,0;100,0;100,0;2842,87;7,77
LUHW74HQL;20690,7;0,0;100,0;100,0;3168,04;20,33
LULZ04TCK;54540,1;0,0;100,0;100,0;4133,08;52,86
LVIE94LLN;7160,86;0,0;100,0;100,0;816,73;202,14
LXQH58ATM;23143,15;1,67;98,48;98,33;508,48;6,63
LYAF85GJO;14423,72;0,0;100,0;100,0;867,49;11,75
LYKH25DMM;164181,96;0,0;100,0;100,0;16626,57;22,94
LYVK73MWN;5928,98;0,0;100,0;100,0;507,48;34,82
LZYP73ZDE;12247,05;0,0;100,0;100,0;1030,84;59,47
MAAY06FLG;95313,25;0,91;99,49;99,09;4571,04;12,89
MAHC72OET;6205,88;0,0;100,0;100,0;682,36;224,06
MAYF53EST;289033,72;0,0;100,0;100,0;16177,73;7,67
MBRL60OFJ;3444,07;0,0;100,0;100,0;365,94;101,76
MBYU55EVN;59269,92;0,0;100,0;100,0;844,32;11,47
MCZW64IRZ;36079,75;3,78;98,48;96,22;442,45;9,51
MEJO06MVQ;7117,65;0,0;100,0;100,0;335,49;244,22
MEVM68SLX;20837,53;0,0;100,0;100,0;1407,9;31,61
MFVK62VMT;574021,79;0,0;100,0;100,0;14391,4;18,18
MGKX79APY;133699,87;0,0;100,0;100,0;974,23;9,58
MHBO06YHH;49972,24;0,0;100,0;100,0;876,34;19,54
MHLH51IJO;30793,39;0,0;100,0;100,0;2040,25;14,89
MIMJ13URY;45134,9;0,0;100,0;100,0;2554,51;15,69
MIOW11PHB;5241,67;0,0;100,0;100,0;1334,44;81,8
MIOZ07QEK;8375,55;0,0;100,0;100,0;622,07;49,67
MISB47RTN;5684,67;0,0;100,0;100,0;3777,88;45,61
MKDM97KXO;13761,78;0,0;100,0;100,0;474,31;17,88
MKEN94UKK;61174,02;0,0;100,0;100,0;1248,06;12,26
MKXI01ECP;34913,42;0,0;100,0;100,0;779,59;11,29
MKYB62KWD;6159,68;8,95;98,99;91,05;736,96;28,4
MLDY90UPK;7,69;0,0;100,0;100,0;2060,16;91,4
MLEA68ODH;66227,64;0,0;100,0;100,0;392,58;21,05
MLGU82ZFZ;34110,8;0,0;100,0;100,0;911,52;12,56
MMPI12KCY;53410,24;0,0;100,0;100,0;1370,79;10,11
MNCQ75VZR;63567,48;0,0;100,0;100,0;1759,16;13,77
MNFW77IYU;30336,05;2,41;98,48;97,59;2227,72;63,4
MNRH05XPC;163562,57;2,1;98,48;97,9;2193,36;11,79
MOAI77YMM;37932,15;0,0;100,0;100,0;901,94;10,44
MOGA21LTV;498185,77;0,0;100,0;100,0;37929,66;10,57
MOHW42CXR;112617,62;3,02;98,48;96,98;2251,49;9,96
MOZC48RPA;56693,08;0,0;100,0;100,0;544,08;5,54
MPGM56CTS;7190,03;0,0;100,0;100,0;1789,44;37,71
MPMW69CPO;21647,64;0,0;100,0;100,0;786,66;16,54
MPYY59YYQ;109512,63;0,0;100,0;100,0;13664,05;18,36
MRBB37NUI;9763,41;0,0;100,0;100,0;844,85;40,9
MRMB80NKX;101549,47;5,93;98,99;94,07;4526,4;78,14
MRNN94QXK;9451,46;0,0;100,0;100,0;509,99;12,42
MSBK28GYZ;10771,68;0,0;100,0;100,0;826,94;81,22
MSLK88FHT;31007,88;0,0;100,0;100,0;830,31;17,02
MSQY69JRS;34497,49;0,0;100,0;100,0;843,6;9,39
MTMV60ISB;110865,4;0,0;100,0;100,0;753,18;8,94
MTQU47IBB;32724,11;0,0;100,0;100,0;1215,9;15,66
MUQB05WBT;150137,74;0,0;100,0;100,0;6151,66;9,56
MWHY10BHE;2060,2;0,0;100,0;100,0;602,42;284,0
MWKH94BHD;29049,11;0,0;100,0;100,0;557,35;16,26
MWTY70MDV;120960,96;0,0;100,0;100,0;2022,9;8,8
MWVQ22ECM;29048,06;0,0;100,0;100,0;2225,86;21,76
MWYD62PDJ;13475,14;0,0;100,0;100,0;123,24;11,62
MXMM62OKY;22481,28;0,0;100,0;100,0;707,61;20,03
MXXW83CJH;335457,32;0,0;100,0;100,0;1626,19;10,41
MYDL83HLP;60944,39;0,0;100,0;100,0;482,9;36,92
MYWA59SUE;19224,44;0,0;100,0;100,0;1029,39;18,4
NARO61RJA;1341,89;0,0;100,0;100,0;66,81;29,79
NBCZ41AGI;466308,03;0,0;100,0;100,0;28155,57;8,53
NBUV33LMI;41596,54;8,0;98,48;92,0;3198,48;22,67
NCJS06QHU;466713,85;0,0;100,0;100,0;44354,41;14,26
NCLE79UWG;52813,64;0,0;100,0;100,0;2268,79;14,82
NDIF14AEF;31139,31;0,0;100,0;100,0;863,79;17,18
NDPV02QDG;9168,89;0,0;100,0;100,0;632,32;34,49
NEIE61DEC;80029,5;0,0;100,0;100,0;1109,07;9,58
NEOY93OUG;12386,88;0,0;100,0;100,0;384,34;18,14
NFFX69OGX;16866,55;0,0;100,0;100,0;508,88;24,79
NFMC41YMF;2659,62;0,0;100,0;100,0;398,22;57,98
NGCY45VZD;67796,84;0,0;100,0;100,0;740,24;18,89
NGDG05BJP;29303,62;0,0;100,0;100,0;712,24;9,28
NHHB37KVY;345260,13;0,0;100,0;100,0;58905,53;21,34
NHRU35IVR;81772,27;0,0;100,0;100,0;1378,38;10,22
NHUG86SLH;2315,16;0,0;100,0;100,0;474,7;108,78
NIHH69ZUD;0,78;100,0;99,49;0,0;0,93;0,77
NIKK25LMM;90158,58;0,0;100,0;100,0;614,32;8,83
NITU51JKU;41426,02;0,0;100,0;100,0;3201,54;13,97
NJRC95VRS;39255,21;0,0;100,0;100,0;814,36;10,11
NKER28VYI;5191,83;0,0;100,0;100,0;146,13;27,87
NKFF82VWO;9370,37;0,0;100,0;100,0;604,63;17,79
NKPY49FBU;23642,53;0,0;100,0;100,0;3857,27;163,19
NKTT36EWT;65488,33;0,0;100,0;100,0;7171,62;15,87
NKVG41SOL;124,47;0,0;100,0;100,0;17906,48;567,1
NLGF42EAP;28065,24;0,0;100,0;100,0;290,28;9,18
NLJX03TOS;5414,9;0,0;100,0;100,0;936,24;359,26
NLNH69GOS;23841,54;0,0;100,0;100,0;686,65;17,6
NLPZ29UNR;32815,59;0,0;100,0;100,0;1148,51;7,55
NMBK49AWK;12287,78;0,0;100,0;100,0;342,22;15,63
NMIJ45NVB;122676,79;0,0;100,0;100,0;3385,86;5,83
NMTQ54VSX;862,34;0,0;100,0;100,0;119,49;159,86
NMUJ11GLO;596442,45;0,0;100,0;100,0;1251,64;5,18
NNFA52OGB;15280,01;2,85;97,47;97,15;563,73;22,06
NNSZ64KZL;88607,56;5,52;98,48;94,48;6109,29;31,63
NNZC05SSP;91342,83;0,0;100,0;100,0;2363,03;10,18
NPTA45ZLH;357246,72;0,0;100,0;100,0;1666,86;10,28
NPZK34EXO;12623,11;0,0;100,0;100,0;1686,8;38,46
NQIU74UNR;27,01;0,0;100,0;100,0;1360,27;157,51
NQWD58ZEO;150547,7;0,0;100,0;100,0;1476,29;12,16
NRJJ85SMA;6497,78;0,0;100,0;100,0;460,06;51,29
NRTS61JMS;4506355,72;0,0;100,0;100,0;147472,27;66,95
NSAI04LSN;67309,02;0,0;100,0;100,0;952,24;9,64
NSEV58UMV;50182,25;0,0;100,0;100,0;2161,46;9,47
NSJX60UWP;4211,44;0,0;100,0;100,0;1054,52;596,56
NSOJ07IHM;85989,15;0,0;100,0;100,0;685,9;6,24
NSSK99QQC;6712,35;0,0;100,0;100,0;738,34;140,57
NSVJ69ESC;83413,53;0,0;100,0;100,0;963,62;8,81
NSVQ56AZP;4712,96;0,0;100,0;100,0;603,61;67,91
NVCV98FME;52635,43;22,86;96,97;77,14;1442,73;14,36
NVXN46JYS;242138,9;0,5;99,49;99,5;10655,4;34,83
NWWH86HLY;146625,55;0,0;100,0;100,0;3375,13;11,5
NXZZ07FXR;73441,25;0,0;100,0;100,0;1294,15;8,52
NYBT56WPU;18147,61;0,0;100,0;100,0;750,8;22,41
NYDJ17UUS;9997,45;0,0;100,0;100,0;698,42;51,45
NYSA66KDE;194736,73;0,0;100,0;100,0;610,34;11,55
NZHF31NTS;891,02;0,0;100,0;100,0;102,6;2031,4
OAWY81YIY;28433,13;0,0;100,0;100,0;357,07;12,99
OBVA40KRF;9,02;0,0;100,0;100,0;262,22;112,87
OCRR18LTC;159786,47;0,0;100,0;100,0;1777,57;6,64
ODFO56LOB;28,55;0,0;100,0;100,0;571,64;166,45
ODVZ52SIC;4150,73;0,0;100,0;100,0;235,92;39,12
OEDA87HTT;7084,5;0,0;100,0;100,0;250,01;19,6
OEGN51RLI;75793,47;0,0;100,0;100,0;2903,3;17,17
OELH53NFL;50689,38;0,0;100,0;100,0;435,97;13,55
OESV30XOR;38448,07;0,0;100,0;100,0;3987,45;46,59
OEUK21CZR;2220,57;2,16;99,49;97,84;241,93;25,85
OFEE62JBT;3696,75;0,0;100,0;100,0;539,49;213,64
OGDL64ICT;621,0;0,0;100,0;100,0;745,67;61,98
OHED19NYE;248253,24;0,0;100,0;100,0;2665,03;7,55
OHNH79XLK;21633,74;0,0;100,0;100,0;390,79;268,67
OISN26GXK;18,09;0,0;100,0;100,0;184,97;138,73
OJHC28XPG;38750,97;1,99;98,99;98,01;765,56;18,89
OJWH24BBU;26433,11;0,0;100,0;100,0;3943,17;23,52
OJZW75KMC;19313,08;0,0;100,0;100,0;484,41;10,0
OKLU34CEX;9624,51;0,0;100,0;100,0;869,39;65,58
OKQN07CAC;19537,62;0,0;100,0;100,0;492,82;27,61
OLEW18RSM;74635,42;0,0;100,0;100,0;1497,47;13,63
OLMS34VEG;35693,04;0,0;100,0;100,0;763,73;13,41
OMHX03GZF;68964,91;0,0;100,0;100,0;908,17;10,36
ONTU47FXX;14517,53;0,46;99,49;99,54;424,49;19,41
OPJD12KCE;43483,55;0,0;100,0;100,0;1133,43;18,43
OPPB50QWT;117260,71;0,0;100,0;100,0;1790,31;9,96
ORBJ39SFE;81798,65;0,0;100,0;100,0;986,83;9,49
OSFN08WSO;10120,64;0,0;100,0;100,0;250,12;28,03
OSHR27ZTV;87121,84;0,0;100,0;100,0;1207,86;6,93
OSJO75AUG;91215,97;0,0;100,0;100,0;5298,69;17,43
OTEQ39EOJ;24732,96;0,0;100,0;100,0;1730,58;19,27
OTUA56BXX;29,98;0,0;100,0;100,0;2648,97;144,73
OUBF41YMR;20472,34;0,0;100,0;100,0;720,79;13,27
OVJQ36TNG;21160,6;0,0;100,0;100,0;327,3;22,34
OWJX28OTG;15842,79;17,83;99,49;82,17;2701,53;301,86
OXEL15MCN;4542,24;0,0;100,0;100,0;190,85;21,62
OYTS04JYU;7141,02;0,0;100,0;100,0;758,79;63,77
OZGL58WPA;27622,17;0,0;100,0;100,0;4359,26;35,45
OZYM77AZU;27951,13;11,39;98,48;88,61;3051,83;14,48
PBWK76OIS;196605,19;0,0;100,0;100,0;3735,65;7,77
PCFE38WUG;207835,19;0,0;100,0;100,0;2859,22;9,5
PFGZ81LVL;64507,64;0,0;100,0;100,0;2462,4;9,7
PFJO30EEZ;65295,25;0,0;100,0;100,0;1284,47;10,95
PFNY82FSY;3181,09;0,0;100,0;100,0;1054,03;133,27
PFYW41KAU;12,32;0,0;100,0;100,0;249,8;142,13
PGRO19BGC;44618,13;0,0;100,0;100,0;678,73;21,54
PHAE44MFM;21680,21;0,0;100,0;100,0;992,8;26,55
PHBG16EOE;25764,27;0,0;100,0;100,0;4025,68;44,64
PHFU23MFN;57014,0;3,56;98,99;96,44;5444,47;18,24
PHFZ53NDI;31066,98;0,0;100,0;100,0;1221,71;9,81
PHGP07AIQ;203567,86;0,0;100,0;100,0;2389,37;7,38
PICV67AWX;11661,62;0,0;100,0;100,0;1870,56;44,68
PITW12VHT;123065,28;0,0;100,0;100,0;911,86;6,76
PIWA88MZG;107709,02;0,0;100,0;100,0;2676,05;8,46
PKEU98LWC;296280,65;2,77;98,99;97,23;4156,96;8,45
PKKZ70YGN;31700,91;9,07;97,98;90,93;2726,19;17,97
PLDL23FSN;34147,81;0,0;100,0;100,0;712,66;14,88
PLIB78VDF;146455,22;0,0;100,0;100,0;1419,92;9,16
PLPD73VVL;3672,18;0,0;100,0;100,0;531,36;54,23
PLRK54FAW;4901,48;0,0;100,0;100,0;471,95;34,91
PLSL66AFW;6389,19;0,0;100,0;100,0;1679,49;163,01
PLST62KKK;5802,57;0,0;100,0;100,0;184,04;54,23
PLWC05CAU;77617,74;0,0;100,0;100,0;447,09;28,59
PMGO30PTM;185518,33;0,0;100,0;100,0;1459,05;7,67
PMON32JXM;61302,84;0,0;100,0;100,0;1218,18;21,28
PNKG18VPQ;17832,29;0,0;100,0;100,0;327,14;9,59
PNUZ83MJA;65288,92;0,0;100,0;100,0;578,94;8,48
POAN18DMY;119915,45;0,0;100,0;100,0;2660,26;8,83
POEP14MFF;3883,35;1,17;99,49;98,83;218,55;25,31
PPCF38GNY;19639,1;0,13;99,49;99,87;1004,64;21,02
PPDD34VJC;65850,63;0,0;100,0;100,0;1092,87;8,17
PQDQ00TEB;2304,91;46,72;96,46;53,28;1275,76;267,59
PQLA64XZE;52845,76;0,0;100,0;100,0;2314,61;12,78
PQQM50KOX;30815,24;0,0;100,0;100,0;2115,89;19,36
PQZT34LLH;5123,14;0,0;100,0;100,0;432,94;54,91
PRBI09OKT;51593,82;0,0;100,0;100,0;1293,59;15,0
PSIY99BMN;44919,42;0,0;100,0;100,0;323,86;22,45
PSOV29XVY;49527,29;0,0;100,0;100,0;1463,58;12,96
PTEI12CTX;348935,45;0,0;100,0;100,0;20607,29;19,03
PTFI33KHS;11505,01;0,0;100,0;100,0;535,56;42,47
PTFM53ANG;41100,76;0,0;100,0;100,0;607,93;13,65
PWAS94WWG;127362,87;7,73;96,97;92,27;3917,22;15,92
PWMB67VQZ;205124,82;4,28;96,97;95,72;1749,37;8,76
PWTR98HXV;3965,92;0,0;100,0;100,0;383,6;60,86
PXAU54ENA;280163,96;0,0;100,0;100,0;17214,13;9,89
PYOM85JTL;42829,7;0,0;100,0;100,0;1669,8;11,23
PYQH69NNQ;149099,31;7,13;96,97;92,87;1476,78;12,0
PYQN27NUC;57064,42;0,0;100,0;100,0;711,31;11,07
PYWQ64UBD;268,8;0,0;100,0;100,0;67,85;146,02
PYYC89TAM;936,16;0,0;100,0;100,0;279,25;90,94
PZDY46SHA;3,98;0,0;100,0;100,0;84,36;99,43
PZII81LBV;17768,35;0,0;100,0;100,0;748,11;31,9
PZUX42PGO;44650,84;0,0;100,0;100,0;940,41;9,83
QAJK29OLX;254699,74;0,0;100,0;100,0;7139,11;19,82
QAJS91OHX;173824,68;0,0;100,0;100,0;11284,58;16,75
QAYE06JJN;76689,97;0,0;100,0;100,0;1041,8;7,65
QBHV23BFP;16407,24;0,0;100,0;100,0;793,86;23,51
QBRS61BFF;28274,53;0,0;100,0;100,0;1096,19;40,3
QBTT91ZHA;111298,14;0,0;100,0;100,0;2454,56;16,01
QCVO76KFL;33847,51;0,0;100,0;100,0;392,47;16,62
QDQA42RMJ;7582,73;0,0;100,0;100,0;83,59;41,9
QFBK33EBW;11649,52;0,0;100,0;100,0;548,64;28,18
QHGJ45TQJ;13287,53;0,0;100,0;100,0;596,93;36,43
QIZH02CFJ;3762,5;0,0;100,0;100,0;680,24;119,4
QJNY67PSH;31747,27;0,0;100,0;100,0;5202,62;41,07
QKYC71LXL;13116,46;0,0;100,0;100,0;550,16;42,29
QMFO05EAV;36398,64;0,0;100,0;100,0;558,99;9,4
QMJH05DXH;76827,79;0,0;100,0;100,0;1146,71;9,48
QNHR09IRJ;2684,25;0,0;100,0;100,0;738,36;427,47
QNIS08ATI;39759,65;0,0;100,0;100,0;941,71;17,55
QNVW66ZZO;4071,82;0,0;100,0;100,0;453,3;119,2
QNZY95LQR;9604,95;0,0;100,0;100,0;1805,53;76,39
QOCE07MJY;153397,23;0,0;100,0;100,0;3431,38;6,6
QPEP34AUY;33538,71;0,0;100,0;100,0;5098,73;23,89
QPHB74DRB;31769,91;0,0;100,0;100,0;834,63;17,04
QPKZ26QKR;338952,4;0,0;100,0;100,0;4692,85;16,09
QPOO47NWY;102217,32;0,0;100,0;100,0;1103,67;7,88
QRKI37UKH;19889,5;0,0;100,0;100,0;942,15;13,8
QSAR41GKP;13677,78;0,0;100,0;100,0;1394,55;86,5
QSFI73EHC;9,03;0,0;100,0;100,0;2431,78;86,17
QSFM55YRX;68083,84;0,0;100,0;100,0;1193,83;8,38
QSOF73TBC;3969,99;0,0;100,0;100,0;873,74;720,83
QSYH24CQB;9321,08;0,0;100,0;100,0;481,41;28,04
QTQQ18STC;19642,61;6,16;99,49;93,84;528,97;24,82
QTVP34KGG;76283,0;0,0;100,0;100,0;1615,21;9,17
QUFK62CBN;4909,26;0,0;100,0;100,0;705,05;101,16
QURP24BCZ;4215,54;0,0;100,0;100,0;318,52;45,9
QUYF81ZTD;12707,79;0,0;100,0;100,0;602,15;16,55
QVEN95FQS;67771,69;0,0;100,0;100,0;1277,56;14,89
QVET18CQH;9600,83;0,0;100,0;100,0;416,44;13,47
QVIC18WQB;378805,59;0,0;100,0;100,0;1729,87;11,32
QVKL14FRX;21267,87;0,0;100,0;100,0;1042,72;14,68
QVVF88YKC;6938,16;0,0;100,0;100,0;261,01;23,75
QWEV20OGI;0,05;0,0;100,0;100,0;12,63;16,67
QWMH94MOS;12774,17;0,0;100,0;100,0;1382,37;76,67
QWMU99ZJU;50468,69;0,0;100,0;100,0;2913,79;12,01
QXDM72XDH;137591,28;0,0;100,0;100,0;1467,95;5,68
QXLI12HEF;4010,56;0,0;100,0;100,0;486,28;41,77
QXNY62CAT;12673,75;0,0;100,0;100,0;7065,11;29,27
QZRC62ZAR;2219,92;0,0;100,0;100,0;251,01;31,86
RBQF01BID;0,0;0,0;100,0;100,0;1,12;37,0
RBZM41MRT;85303,12;0,0;100,0;100,0;920,4;10,21
RCQV17PQZ;183018,5;0,0;100,0;100,0;966,67;9,14
RCVZ50CQS;16872,35;0,0;100,0;100,0;1090,63;30,68
RDDC35ZPD;7925,01;0,0;100,0;100,0;2703,64;72,93
RDSE90QON;139669,93;0,0;100,0;100,0;2172,46;5,82
REBD40JGD;365271,91;0,0;100,0;100,0;52863,04;9,26
RFHD44BLL;2100,76;0,0;100,0;100,0;1370,82;532,2
RFIU95FKX;5224,03;0,0;100,0;100,0;285,27;142,64
RFKT10XUU;21701,27;0,0;100,0;100,0;903,07;29,98
RFNP40JMM;23796,45;0,0;100,0;100,0;1232,16;12,28
RFRN99JDV;21130,94;3,29;98,48;96,71;342,62;12,4
RFRW91JQI;5552,03;0,0;100,0;100,0;569,07;29,87
RFWB96ZBO;79241,96;0,0;100,0;100,0;893,16;8,35
RFYV28LSE;170172,14;0,0;100,0;100,0;1734,09;6,29
RHKP67BIT;16314,85;0,0;100,0;100,0;633,66;18,51
RHPC77DDZ;31224,1;0,0;100,0;100,0;872,75;11,19
RHPH31ZAW;37754,73;0,0;100,0;100,0;1115,41;6,62
RLTT30QZQ;133042,99;0,0;100,0;100,0;1660,48;10,38
RMEO10IDD;31450,81;0,0;100,0;100,0;1043,78;19,97
RMRT61OGN;27008,87;0,0;100,0;100,0;976,47;22,66
RNLT07BZT;214252,09;0,0;100,0;100,0;23605,33;13,56
RNPD00TJP;48018,74;0,0;100,0;100,0;6389,12;11,39
RNYZ69VWX;70,62;0,0;100,0;100,0;71,32;320,93
ROEA65EKL;77357,52;0,0;100,0;100,0;2214,02;8,87
ROSZ84SVQ;15541,61;0,0;100,0;100,0;3423,94;70,01
RPHN38GZM;9984,7;0,0;100,0;100,0;334,47;16,2
RPXH65UOY;131924,8;0,0;100,0;100,0;1884,75;9,49
RRDX20HSX;44570,3;0,0;100,0;100,0;953,99;8,27
RRLE81TIJ;109,27;0,0;100,0;100,0;6842,05;85,2
RSKP89VRV;12936,63;0,0;100,0;100,0;638,44;35,47
RTCK77LJY;299709,42;0,0;100,0;100,0;12839,92;9,52
RTGZ03PJZ;33738,48;0,0;100,0;100,0;1086,27;7,6
RTKR55RVC;14280,33;0,0;100,0;100,0;166,06;15,25
RTNB80BXR;6452,66;0,0;100,0;100,0;381,27;49,83
RUSY71UCC;193162,38;0,0;100,0;100,0;3572,7;10,14
RVGI69QBH;3794,38;0,0;100,0;100,0;718,27;97,74
RWMR86BVE;947925,25;0,0;100,0;100,0;153004,67;7,82
RXGJ59LBU;90560,72;0,0;100,0;100,0;670,11;11,24
RYFU49ZQL;38917,98;0,0;100,0;100,0;1398,1;7,75
RYMM02JSD;183910,94;0,0;100,0;100,0;3931,93;9,69
RYWP59HRF;16591,3;0,0;100,0;100,0;401,45;21,32
SATU94FJU;19405,1;1,19;99,49;98,81;3223,03;79,14
SBYE42KWB;4093,97;0,0;100,0;100,0;455,74;42,87
SCEC37IHC;28840,32;0,0;100,0;100,0;791,47;8,56
SDXR03CJM;49667,31;6,72;98,99;93,28;3491,99;18,16
SFNF33VEA;54469,94;2,27;98,48;97,73;719,33;11,57
SFTY06EHX;155232,36;0,0;100,0;100,0;706,43;7,75
SFVG67HOA;110037,8;0,0;100,0;100,0;1279,76;8,28
SFZF48FFF;8536,28;0,0;100,0;100,0;954,44;52,61
SGPW86DNX;9713,56;0,0;100,0;100,0;534,34;18,24
SGZY18LHD;119172,12;0,0;100,0;100,0;1828,06;52,07
SHNA76NKD;106286,79;0,0;100,0;100,0;2221,29;14,78
SHZF73GEU;69340,35;0,0;100,0;100,0;1084,47;19,41
SITQ34BIU;5970,89;0,0;100,0;100,0;306,94;17,45
SIWE54BWL;70414,63;0,0;100,0;100,0;2548,15;8,01
SIXB85VXI;141976,23;0,0;100,0;100,0;2013,65;7,76
SJEO87YLD;35350,63;0,0;100,0;100,0;878,07;9,29
SJIR38UOQ;74429,64;0,0;100,0;100,0;1065,12;11,51
SJWY69YWU;44352,21;2,17;98,99;97,83;506,06;9,06
SJZB75URG;0,02;0,0;100,0;100,0;13,58;5,89
SKCG11ZFH;73180,79;0,0;100,0;100,0;838,29;10,41
SKGP93UFT;90372,63;0,0;100,0;100,0;466,02;15,39
SLDR26WLL;318772,45;0,0;100,0;100,0;27278,42;10,01
SLKH72NWZ;102484,63;0,0;100,0;100,0;3946,65;17,3
SLUJ39XEO;122317,67;0,0;100,0;100,0;1817,9;10,97
SMUE50WJP;6639,64;0,0;100,0;100,0;390,61;117,18
SMUP91GOP;2916,13;0,0;100,0;100,0;374,79;58,07
SNUJ77GRX;9805,41;0,0;100,0;100,0;217,36;26,04
SPHY20VZB;118115,18;0,19;99,49;99,81;10330,13;13,48
SPTI10MOZ;94429,87;0,0;100,0;100,0;2417,93;11,13
SQNX07KFL;20608,29;0,0;100,0;100,0;420,12;30,24
SRKU40UIY;97658,29;0,0;100,0;100,0;564,48;8,97
SRVK02SRB;1620,41;0,0;100,0;100,0;230,89;158,74
SSBI86AKQ;52892,11;0,0;100,0;100,0;889,27;11,71
SSFS75DVD;36506,71;0,0;100,0;100,0;1080,1;20,53
STWE89ZSK;11671,54;0,0;100,0;100,0;234,18;19,99
SUFW78HDG;342326,14;0,0;100,0;100,0;19272,51;18,52
SUMF86LVN;351,76;0,0;100,0;100,0;66,37;136,89
SUNE99ICB;7542,17;0,0;100,0;100,0;791,26;55,36
SUVU33MZB;126654,28;0,0;100,0;100,0;2136,32;9,05
SUVU36RJS;15434,58;0,0;100,0;100,0;424,27;14,23
SUWS30NNW;45499,98;0,0;100,0;100,0;328,1;13,36
SVBA60QWO;4336,79;0,0;100,0;100,0;722,26;92,38
SVIU22BOP;10668,04;0,0;100,0;100,0;355,0;78,1
SWDT98SLX;1519,93;0,0;100,0;100,0;460,73;60,82
SWMC79DDX;66712,16;0,0;100,0;100,0;4969,25;103,85
SWRJ43PWC;121344,56;0,0;100,0;100,0;581,26;13,71
SXDU70KPB;29211,4;0,77;99,49;99,23;931,51;11,3
SXGY87DCN;2660,07;0,0;100,0;100,0;239,18;15,52
SXKC37WVO;21371,51;0,0;100,0;100,0;1346,33;17,44
SYGV77BZR;4374,39;0,0;100,0;100,0;913,78;121,27
SYJJ43YJY;177454,81;0,0;100,0;100,0;3231,95;8,23
SYYY06RBS;4216,77;0,0;100,0;100,0;356,91;42,22
SZYM37OEA;86450,23;0,0;100,0;100,0;1105,09;7,3
TAFI57PNS;44446,37;0,0;100,0;100,0;2073,22;8,22
TBRP94APL;3975,99;0,0;100,0;100,0;365,49;15,36
TBUC93IQV;19434,3;2,61;98,48;97,39;387,42;20,03
TBUT34GHQ;68939,35;0,0;100,0;100,0;15405,32;70,84
TCAT17SBM;126617,75;0,0;100,0;100,0;9471,08;15,01
TCCQ61EFF;758,23;0,0;100,0;100,0;216,43;87,46
TCMP09HLF;125697,4;0,0;100,0;100,0;1495,99;6,75
TCYS21XMB;80709,21;0,0;100,0;100,0;876,88;6,09
TDDJ49HOQ;1467843,52;0,0;100,0;100,0;163295,3;10,58
TDID38XBP;111920,58;11,98;97,47;88,02;8024,9;18,02
TDRF57ZZV;73146,1;0,0;100,0;100,0;1228,97;8,71
TDUD88VNN;2505,05;22,22;96,97;77,78;32,01;11,0
TEPO39YNM;32834,7;0,0;100,0;100,0;529,21;9,84
TETH66TIA;2914,34;0,0;100,0;100,0;460,25;54,24
TFLS53NVL;105926,43;0,0;100,0;100,0;2461,83;9,18
TGBX26ADI;3277,16;0,0;100,0;100,0;1279,8;79,69
TGPM78EZN;13222,44;0,0;100,0;100,0;810,33;38,07
TGTG47WSP;23676,37;0,0;100,0;100,0;402,03;10,11
TGXK53CJL;30342,2;0,0;100,0;100,0;760,52;226,1
THBX09CMD;1923,74;0,0;100,0;100,0;213,69;62,04
THGT75MGJ;4227,54;0,0;100,0;100,0;1753,58;70,23
TJYT91QAT;189329,47;0,0;100,0;100,0;1541,41;9,83
TKCD29VJP;24857,02;0,0;100,0;100,0;641,64;17,24
TKIS03YUJ;29647,67;0,6;99,49;99,4;600,93;7,4
TLTH99XSQ;104588,28;0,0;100,0;100,0;1156,37;12,43
TLXX56RHV;13293,18;0,0;100,0;100,0;711,19;85,24
TMKB60FXY;50324,87;0,0;100,0;100,0;3081,77;13,57
TNWM98EUF;7260,22;0,0;100,0;100,0;842,65;137,66
TOAD80FMN;9972,85;1,32;98,99;98,68;1101,65;25,79
TOMI82OSP;14756,28;0,0;100,0;100,0;1008,21;46,47
TPDD98FBK;13976,14;0,0;100,0;100,0;280,21;11,04
TPPP81QTS;78569,31;0,0;100,0;100,0;1081,09;9,08
TPRX29BZA;119570,28;0,0;100,0;100,0;1771,47;8,25
TPYY95JQZ;83891,73;0,0;100,0;100,0;1545,97;7,55
TPZF75VDN;42299,58;0,0;100,0;100,0;2565,61;26,91
TQBL17UUZ;5717,8;0,0;100,0;100,0;2773,39;116,44
TQLU60KDN;35182,26;0,0;100,0;100,0;1384,77;7,51
TQOX21ZKN;154958,46;0,62;98,99;99,38;4285,52;14,06
TRKK07TKT;128048,89;0,0;100,0;100,0;6684,46;12,44
TTAY57NAO;57400,96;0,0;100,0;100,0;1516,46;9,9
TTCM99IHU;63674,27;0,0;100,0;100,0;1532,89;19,07
TTWC67PAM;6634,32;0,0;100,0;100,0;877,61;128,72
TUAA01OUK;27468,77;0,0;100,0;100,0;1032,97;25,51
TULN35NJM;1392,85;0,0;100,0;100,0;470,28;92,47
TUXU97NFG;71395,21;0,0;100,0;100,0;1344,98;9,92
TVJY51MSQ;225311,46;0,0;100,0;100,0;6019,18;18,37
TVTQ73RFS;48350,94;0,0;100,0;100,0;624,53;8,98
TVUP26XLW;6170,52;0,0;100,0;100,0;312,87;25,31
TWDP65AIX;7741,72;0,0;100,0;100,0;1479,47;59,73
TWRF20YGC;14438,4;0,0;100,0;100,0;688,08;48,73
TWRY85LFJ;15637,1;0,0;100,0;100,0;2790,32;47,51
TXIB59UAE;38634,75;0,0;100,0;100,0;1321,34;6,16
TXTS73MAU;175772,45;0,0;100,0;100,0;1664,52;11,44
TYHY95VHF;3148,46;0,0;100,0;100,0;493,09;82,18
TYWY16DEO;529255,01;0,0;100,0;100,0;56792,67;25,28
TZTR28FEY;7390,36;0,0;100,0;100,0;932,09;56,49
TZUP73BTI;248850,96;0,0;100,0;100,0;1238,74;9,52
UAGX12RJV;95905,11;0,0;100,0;100,0;3107,46;29,09
UDHX89MHN;88077,74;0,0;100,0;100,0;1371,68;10,39
UEEZ93SMW;4157,47;25,81;97,98;74,19;142,23;33,65
UESX36GHC;65196,69;0,0;100,0;100,0;1273,27;12,3
UGQR96OVL;110245,19;0,0;100,0;100,0;3466,08;9,87
UHAT15XQT;102873,18;0,0;100,0;100,0;1715,26;9,39
UIOZ53QBD;66618,31;0,0;100,0;100,0;822,25;11,11
UKKS91HVP;8009,13;0,0;100,0;100,0;1594,18;355,46
UKNV37ULA;28576,37;0,0;100,0;100,0;452,57;9,19
ULMN48IAA;73583,73;0,0;100,0;100,0;1091,17;23,35
ULUG71AAX;44873,57;0,49;99,49;99,51;3585,97;23,3
UMGM77DWG;20498,47;0,0;100,0;100,0;1435,91;10,79
UMMI66YVH;887,04;0,0;100,0;100,0;28,02;23,12
UOGR54AJJ;83989,28;0,37;99,49;99,63;4081,72;6,35
UOIW32FZD;39389,64;0,0;100,0;100,0;967,92;20,15
UORD98SGJ;3499,28;1,04;99,49;98,96;222,24;76,4
UPAY35SQS;69869,17;0,0;100,0;100,0;2538,33;16,4
UPPY33BBQ;10208,79;0,0;100,0;100,0;1060,51;60,43
UPPY88MFL;134925,48;0,0;100,0;100,0;2084,18;6,32
UPWF73OTK;17790,87;0,0;100,0;100,0;537,7;25,06
UPXJ58SPR;1083256,95;0,0;100,0;100,0;39972,17;8,09
URKT52PJR;8951,14;0,0;100,0;100,0;511,38;53,07
USHX06KKA;30863,61;0,0;100,0;100,0;396,52;9,5
UTNA37DNE;32447,22;0,0;100,0;100,0;1385,81;10,44
UUMC36RRN;222908,56;0,0;100,0;100,0;3248,29;7,37
UVAB60CVK;55842,14;0,47;99,49;99,53;2354,56;31,14
UVKF24HZF;13531,57;0,0;100,0;100,0;1277,16;14,71
UVKQ34ZZT;172586,26;0,0;100,0;100,0;3507,69;8,08
UWKY91JYO;44445,24;0,0;100,0;100,0;3616,23;19,67
UWOH01FWF;44895,8;0,0;100,0;100,0;970,17;13,71
UWPN18IQT;7249,88;0,0;100,0;100,0;949,03;198,22
UXKW21WFB;137195,94;0,0;100,0;100,0;2730,47;8,9
UZPU09HXC;22110,81;0,0;100,0;100,0;966,97;45,59
UZZD93BCK;144599,02;0,0;100,0;100,0;2855,03;14,12
VAEF20KVP;59263,51;0,0;100,0;100,0;1014,55;8,11
VAJM98BAR;144155,72;1,2;98,48;98,8;2968,84;9,14
VAOC41LXO;8869,73;0,0;100,0;100,0;1067,67;29,57
VBQC01EWD;30610,64;0,0;100,0;100,0;370,28;16,53
VCAO88HDJ;5537,78;0,0;100,0;100,0;701,38;64,62
VCKQ12PEJ;2079610,94;0,0;100,0;100,0;78241,01;9,14
VCPQ11DNR;1464531,83;0,0;100,0;100,0;264747,93;8,05
VCTZ45TLC;63719,06;0,0;100,0;100,0;1421,43;11,48
VDGZ74BQO;9756,86;0,0;100,0;100,0;980,05;19,4
VDPF77AET;18703,09;0,0;100,0;100,0;241,92;38,47
VDPQ65JML;34823,55;0,0;100,0;100,0;2998,6;17,48
VEQW28XFQ;117580,82;0,0;100,0;100,0;5237,41;10,28
VEZU16UAO;319938,83;0,0;100,0;100,0;3092,49;5,65
VFIH43FUI;20923,14;0,0;100,0;100,0;492,42;18,06
VFVS31SRI;30875,43;0,0;100,0;100,0;630,73;30,47
VFXE99TCX;61626,16;0,0;100,0;100,0;970,2;11,8
VGUO76EGN;3217,02;0,0;100,0;100,0;220,28;47,2
VGZQ62MFR;41706,54;0,0;100,0;100,0;1263,23;12,97
VHNG92NPQ;12031,25;0,0;100,0;100,0;469,62;26,79
VHRD63MRQ;331690,37;0,27;99,49;99,73;19025,25;8,56
VJFY24YVG;13154,74;0,0;100,0;100,0;555,1;90,98
VJXA46YJV;172098,44;12,53;95,96;87,47;8153,58;22,33
VJYA77ZKL;38301,23;0,0;100,0;100,0;1275,93;19,99
VKKA83MYR;59305,7;0,0;100,0;100,0;1285,06;8,68
VKMT02NLP;31609,22;0,0;100,0;100,0;700,55;71,35
VKPR75SMT;17018,03;0,0;100,0;100,0;553,39;18,79
VLIZ23PWT;19345,62;0,0;100,0;100,0;685,45;23,81
VMHG33HXP;10007,11;0,0;100,0;100,0;123,4;10,46
VMLY44FVA;8788,82;0,0;100,0;100,0;629,82;59,21
VMQQ77ZOV;18338,67;0,0;100,0;100,0;486,61;10,69
VMXT58OKC;56234,54;0,0;100,0;100,0;5337,35;23,17
VNCX04AYB;63822,36;0,0;100,0;100,0;5761,86;30,58
VNDD37YKZ;109804,06;0,0;100,0;100,0;11164,94;18,33
VNER88KYI;603088,82;0,0;100,0;100,0;98903,36;17,56
VNMF29GQJ;319105,62;0,0;100,0;100,0;3776,22;9,26
VNVO27LXT;14114,47;0,0;100,0;100,0;805,27;32,86
VPOL68LNP;122854,15;11,77;96,46;88,23;3962,45;17,18
VQJA05QTF;20857,24;0,0;100,0;100,0;748,61;34,24
VRLE03HDN;22658,62;0,0;100,0;100,0;669,85;18,94
VRPX18MSY;50057,52;0,0;100,0;100,0;1063,02;13,06
VSGT86SPB;34519,16;0,0;100,0;100,0;575,64;17,46
VSYL05XGX;1060,01;0,0;100,0;100,0;323,15;888,67
VTMM90FNA;0,2;0,0;100,0;100,0;15,42;33,93
VVPF83DQE;12326,33;0,0;100,0;100,0;485,67;32,38
VVTH52ENP;2926,3;0,0;100,0;100,0;1011,5;101,46
VWBX47QRS;86838,76;0,0;100,0;100,0;3601,72;18,81
VWLU97PHY;25318,22;0,0;100,0;100,0;729,77;35,8
VXHH54HHZ;23557,12;0,0;100,0;100,0;256,08;8,62
VXVN17OEW;137,85;0,0;100,0;100,0;1722,18;100,77
VXYV20MFP;111081,29;0,0;100,0;100,0;520,53;7,66
VZXK37PGT;15426,65;11,96;96,97;88,04;407,47;10,6
WAMC06ZZR;31137,43;0,0;100,0;100,0;646,69;14,35
WAON76OCZ;9660,63;0,0;100,0;100,0;1045,3;47,47
WCCG39SGJ;17959,35;0,0;100,0;100,0;782,02;29,08
WCNM16COQ;25644,23;0,0;100,0;100,0;866,71;9,56
WEGX88XCD;500438,64;0,0;100,0;100,0;16088,82;6,39
WEMQ64JZW;256937,93;5,11;98,48;94,89;15233,06;8,76
WEQO35JQF;34890,83;0,0;100,0;100,0;1362,83;16,14
WERK56LLN;15343,19;4,39;96,97;95,61;482,74;20,56
WFBB66HWF;66318,36;0,0;100,0;100,0;735,67;28,83
WFEJ46DYX;9347,57;0,0;100,0;100,0;2192,48;42,39
WFTG45HGB;107571,44;0,0;100,0;100,0;1487,68;17,4
WGBN92WST;101340,19;0,0;100,0;100,0;935,27;7,5
WGEI02BFP;113733,73;0,0;100,0;100,0;999,13;8,16
WHBL52SNT;20708,03;0,0;100,0;100,0;504,91;16,88
WHFO98CBT;75702,29;0,0;100,0;100,0;781,04;9,71
WHKB94GJB;22905,1;0,0;100,0;100,0;666,52;15,13
WIZO10EPL;142504,49;0,0;100,0;100,0;1813,01;8,73
WJLI31DHL;19965,68;0,0;100,0;100,0;784,16;38,32
WJNJ41QMC;45012,9;0,0;100,0;100,0;3916,18;21,16
WJNT51AMA;76501,61;0,0;100,0;100,0;7322,38;22,56
WJPY55QVB;523344,07;0,0;100,0;100,0;75119,66;8,94
WLCA21RPR;237257,69;0,0;100,0;100,0;4705,77;8,81
WLFM36VBX;17,98;0,0;100,0;100,0;460,61;115,15
WLFP10LFG;19324,01;0,0;100,0;100,0;558,24;22,83
WLNB78SAN;15512,34;0,0;100,0;100,0;481,06;19,03
WMDB07SPB;192982,35;0,0;100,0;100,0;4344,98;10,34
WMDL15NGL;107253,76;0,0;100,0;100,0;1061,76;13,3
WMDT13YIA;25017,95;0,0;100,0;100,0;626,71;8,48
WMEE22MAN;668309,17;0,0;100,0;100,0;39252,65;10,17
WMNM97UWP;85987,89;0,0;100,0;100,0;647,91;8,54
WMOR31GBK;41288,76;0,0;100,0;100,0;734,21;18,45
WNKP07NXO;48953,75;0,0;100,0;100,0;907,28;6,34
WOIJ95CMV;22860,35;0,0;100,0;100,0;902,73;48,73
WPCW36EXB;15436,59;0,0;100,0;100,0;1626,59;13,16
WPXA43ZIE;129489,92;0,0;100,0;100,0;792,01;9,57
WRAV09HIQ;71051,15;0,0;100,0;100,0;3087,04;26,94
WRCW69WHA;137289,33;0,0;100,0;100,0;2370,62;8,95
WRDC21OHZ;30180,1;3,56;98,99;96,44;2949,15;15,74
WRQB62IPW;6599,46;0,0;100,0;100,0;1178,87;530,49
WRQN30ZRV;27538,62;0,0;100,0;100,0;258,36;32,13
WSKC91CGX;10156,47;0,0;100,0;100,0;448,66;21,15
WWAS66LVO;106908,04;0,0;100,0;100,0;1543,03;5,84
WXYE15FCZ;5216,34;0,0;100,0;100,0;152,04;49,51
WYKF62EEV;27129,03;0,0;100,0;100,0;504,51;17,7
WYOF97JMD;67111,25;5,75;98,99;94,25;1348,61;7,77
WYRN17UKQ;5415,51;0,0;100,0;100,0;1126,33;256,34
WZDU50ODQ;11242,48;0,0;100,0;100,0;425,06;23,75
WZMX43SQL;198315,06;0,0;100,0;100,0;1820,63;8,58
XAGA79NPV;35235,35;0,0;100,0;100,0;1121,16;12,96
XAGC02NKC;22146,74;0,0;100,0;100,0;504,29;24,09
XAKX37DSH;17036,77;0,0;100,0;100,0;1676,65;15,08
XBOZ61NGL;2000,49;0,0;100,0;100,0;265,41;43,57
XBVM33BFK;158238,61;0,0;100,0;100,0;1976,01;7,19
XCMA86QNI;174603,83;0,0;100,0;100,0;1267,31;10,5
XCPE58EOM;753,85;0,0;100,0;100,0;42,16;23,32
XCZH16DYT;9244,43;0,0;100,0;100,0;3843,41;241,59
XDQL32GCN;8525,69;0,0;100,0;100,0;513,38;101,65
XESF19QOL;207074,95;0,7;98,99;99,3;5259,37;14,46
XEXX13LVG;15041,45;0,0;100,0;100,0;1094,67;106,25
XFSS86ENP;350097,71;0,0;100,0;100,0;42321,39;9,03
XGBN67XBS;0,39;0,0;100,0;100,0;30,02;121,29
XGKR86GEO;3426,64;0,0;100,0;100,0;465,15;204,67
XHTK76QAK;64562,24;0,0;100,0;100,0;816,51;11,51
XIIH75ZKM;27,16;0,0;100,0;100,0;403,21;424,66
XIQQ11DFL;75453,79;0,0;100,0;100,0;1115,63;6,88
XLBB96LQB;94568,85;0,6;99,49;99,4;8663,45;7,14
XLPH35HHT;68793,83;0,0;100,0;100,0;2621,53;9,26
XLQC26ZHC;270392,24;0,0;100,0;100,0;16672,03;9,05
XLQS11ZKD;14620,72;0,0;100,0;100,0;378,88;16,15
XMBY37ZYQ;12078,21;0,0;100,0;100,0;2113,21;132,2
XMFY42NTR;31553,71;9,47;97,47;90,53;1521,51;10,57
XMPF04PDF;2376,11;0,0;100,0;100,0;435,6;111,72
XMWI66RQU;254742,23;0,0;100,0;100,0;443,86;4,91
XNGH02RHN;9374,05;0,0;100,0;100,0;161,03;12,86
XNJO25EKM;62385,55;0,0;100,0;100,0;5473,06;26,56
XNVP51APW;32029,52;0,0;100,0;100,0;4213,36;19,92
XOAP26UJM;9067,15;0,0;100,0;100,0;839,58;88,24
XOOL57JJV;114579,63;0,0;100,0;100,0;28973,92;142,56
XPGW87THZ;171157,78;0,0;100,0;100,0;6373,42;11,33
XPVH47FTK;97220,04;0,0;100,0;100,0;2278,74;13,24
XPWX68SNJ;20967,65;0,0;100,0;100,0;654,73;25,51
XQKF27KMA;8966,93;0,0;100,0;100,0;794,73;9,46
XQUC50NXC;128548,04;0,0;100,0;100,0;11584,92;34,5
XQZP51OET;84871,91;0,0;100,0;100,0;8180,99;16,69
XSHX91DTM;7101,26;0,0;100,0;100,0;763,94;144,89
XTNP80BTF;87565,97;0,0;100,0;100,0;1041,81;22,35
XUQS98NZP;55120,96;0,0;100,0;100,0;944,94;12,51
XUVV41MLB;29023,53;0,0;100,0;100,0;1636,21;16,31
XUZZ14ZDP;147610,27;0,0;100,0;100,0;24530,97;16,61
XWYZ22YSM;287070,38;0,0;100,0;100,0;5646,87;8,83
XXAK75IJO;110472,43;0,0;100,0;100,0;924,44;6,11
XXJJ71TAV;44207,4;0,0;100,0;100,0;4430,05;23,38
XZFP32TTX;9367,39;0,0;100,0;100,0;681,44;62,7
YACY00BTH;137507,7;0,0;100,0;100,0;6336,31;8,81
YAIT16NAA;98342,42;0,0;100,0;100,0;5103,12;12,18
YBGR62EID;18618,67;0,0;100,0;100,0;804,35;22,59
YBIF35VSN;7432,11;0,0;100,0;100,0;1226,62;34,61
YBXA90GPT;79954,85;0,0;100,0;100,0;7912,75;29,0
YDAS10QVH;12037,91;0,0;100,0;100,0;867,68;38,52
YDCO38ZBK;12686,95;14,44;97,98;85,56;245,3;11,24
YDCT98KJG;100433,72;0,0;100,0;100,0;2488,8;11,96
YDGA40PLB;32359,08;0,0;100,0;100,0;376,78;10,04
YEIW32KNI;6,29;0,0;100,0;100,0;113,64;535,71
YEKB64BDP;259337,82;0,0;100,0;100,0;2030,34;5,07
YEPB41JWK;747,08;0,0;100,0;100,0;64,52;41,88
YETI19PZC;58119,21;0,82;99,49;99,18;1650,36;17,93
YGCG78ADY;71093,39;0,0;100,0;100,0;2396,52;13,94
YINX18ZNT;14295,4;0,0;100,0;100,0;790,61;11,95
YIRD60PKX;41142,74;0,0;100,0;100,0;750,48;13,97
YJWV38UJM;122674,85;0,0;100,0;100,0;21439,54;10,11
YKAI34NXM;242225,92;0,0;100,0;100,0;11654,13;7,77
YKKF67SRL;18707,27;0,0;100,0;100,0;1216,31;18,51
YKKN74YKQ;24922,95;0,0;100,0;100,0;287,29;19,29
YLEK88IIW;186106,88;0,0;100,0;100,0;2194,88;6,12
YLFB21NCQ;25670,27;0,0;100,0;100,0;496,96;11,58
YLYH48XYT;11914,91;0,0;100,0;100,0;151,08;14,5
YOLQ59KBB;889001,75;0,0;100,0;100,0;60950,53;21,29
YPPD13THS;14427,62;0,0;100,0;100,0;707,21;163,58
YSHC86IPA;64727,37;0,0;100,0;100,0;1084,85;10,91
YSPM28TQQ;194219,66;0,0;100,0;100,0;1646,81;7,89
YTAW64TVM;1308,17;0,0;100,0;100,0;218,63;42,69
YTIG50ZCW;11483,75;0,0;100,0;100,0;327,63;32,65
YUGB62XTR;8,23;0,0;100,0;100,0;171,19;34,73
YUVA79CUQ;52067,8;0,0;100,0;100,0;3624,05;13,55
YWBF87LOB;62084,33;0,0;100,0;100,0;529,95;11,88
YXHD21XCT;58509,37;0,0;100,0;100,0;1587,58;45,62
YXJK87KND;12796,45;0,0;100,0;100,0;3639,03;105,71
YXMO56NPP;290040,48;0,0;100,0;100,0;35183,26;7,47
YYAM17YQZ;344293,47;0,0;100,0;100,0;8288,76;17,84
YYXK56YSS;115771,38;0,0;100,0;100,0;4891,49;10,86
YZBJ73ISL;5582,52;0,0;100,0;100,0;320,91;20,72
YZGF02JTH;92361,31;0,0;100,0;100,0;5292,85;13,31
YZGY35ARL;38982,94;8,35;98,99;91,65;322,58;9,12
YZJH39MDL;32013,8;0,0;100,0;100,0;1084,82;31,85
ZAFX55LEG;30,92;0,0;100,0;100,0;760,1;179,17
ZAJS51NRK;20328,29;0,0;100,0;100,0;1322,39;11,94
ZAKI17WGG;41186,64;0,0;100,0;100,0;927,3;9,69
ZAOU99DZO;891019,72;0,0;100,0;100,0;31276,87;8,1
ZBIZ78JQO;73661,04;0,0;100,0;100,0;1400,16;10,98
ZBKD72AIO;87390,78;0,0;100,0;100,0;1307,52;13,23
ZBNK45BHA;14961,1;0,0;100,0;100,0;775,47;59,98
ZBWM41KQW;5631,99;0,0;100,0;100,0;822,14;299,24
ZCDP01RZO;69113,54;0,0;100,0;100,0;2274,91;113,75
ZCKS76OQU;136563,24;0,0;100,0;100,0;11742,62;8,58
ZCNT51XDU;148453,89;0,0;100,0;100,0;10879,04;14,36
ZCSV17DFX;56758,18;0,0;100,0;100,0;1098,83;12,26
ZDBX62FOM;45447,84;0,0;100,0;100,0;1106,36;14,19
ZDMH03JTE;55922,26;0,0;100,0;100,0;1419,19;8,94
ZDMU95TTO;120160,59;0,0;100,0;100,0;996,05;8,82
ZEAI51VKB;5640,55;0,0;100,0;100,0;256,24;90,6
ZEKA34BVX;64531,23;0,0;100,0;100,0;424,77;7,84
ZERH99KAQ;108320,8;0,0;100,0;100,0;1491,08;8,06
ZFCY02ZGI;208890,59;0,0;100,0;100,0;1383,51;8,42
ZFKE25UCK;23202,67;0,0;100,0;100,0;2928,03;10,06
ZFXO54RLM;4585,6;0,0;100,0;100,0;860,25;66,46
ZHSA25SOD;39492,95;0,0;100,0;100,0;1585,54;12,58
ZICK63WUE;13449,31;0,0;100,0;100,0;892,95;58,39
ZJDO50HTQ;158206,28;0,0;100,0;100,0;836,91;9,59
ZJWB04DUR;177579,58;0,0;100,0;100,0;2726,12;8,44
ZKJJ87WBB;75370,27;0,0;100,0;100,0;2738,85;18,49
ZKRS66KLZ;1508,8;48,93;97,47;51,07;200,58;56,49
ZKVK48OXP;4859,17;0,0;100,0;100,0;440,79;93,04
ZLHQ75JJK;128881,71;0,0;100,0;100,0;3852,37;5,94
ZLRR37REL;33511,53;0,0;100,0;100,0;517,88;9,42
ZMIX82SHC;14054,27;0,0;100,0;100,0;554,93;36,63
ZNTJ72IAD;2989,5;0,0;100,0;100,0;257,76;38,49
ZODR48UZF;37644,31;0,0;100,0;100,0;2611,75;19,65
ZOEH73XWO;32798,25;0,0;100,0;100,0;555,49;8,6
ZPLH72DJP;2169,3;0,0;100,0;100,0;296,72;61,2
ZQEK04CLF;112521,01;0,0;100,0;100,0;526,89;9,99
ZQRJ33XER;33095,92;0,0;100,0;100,0;3142,22;89,43
ZQWS51GKN;32145,98;2,25;95,45;97,75;572,47;6,97
ZRFO13RPW;39835,7;3,49;99,49;96,51;1273,88;14,68
ZTMK96JEF;19731,86;0,0;100,0;100,0;691,06;22,97
ZTRL00OJP;95440,33;0,0;100,0;100,0;313,62;9,01
ZTUA71BLR;975,61;0,0;100,0;100,0;175,79;56,05
ZTUB51AZW;262989,22;0,0;100,0;100,0;3613,53;8,31
ZUXX81MNQ;16409,81;0,0;100,0;100,0;875,08;16,53
ZWPB56MNX;2903,12;0,0;100,0;100,0;442,0;810,33
ZXAB14DIP;133876,21;0,0;100,0;100,0;22204,99;10,08
ZXCQ63DNK;3370,24;0,0;100,0;100,0;924,85;346,82
ZXKZ02XRQ;40457,03;0,0;100,0;100,0;876,42;15,91
ZYPW44SXH;22355,84;0,0;100,0;100,0;1438,7;20,99
ZZDK42XBB;216540,23;0,0;100,0;100,0;5539,28;7,47
ZZFK95OMA;33527,8;0,0;100,0;100,0;505,21;14,15
ZZLX71BEM;177953,03;0,0;100,0;100,0;1902,67;13,26
ZZUF86MEV;3577,65;0,0;100,0;100,0;804,3;106,17
