SKU;Total Cost;Stockout Rate;Alpha Service Level;Beta Service Level;Average Inventory Level;Stock Coverage (days)
AARC08EBQ;15045,06;30,49;99,49;69,51;530,3;53,35
ABQX30YRP;14414,07;1,97;98,48;98,03;232,81;18,95
ABYM76DAT;8392,21;3,98;98,99;96,02;352,53;39,66
ABZC45IMI;116052,28;8,22;96,46;91,78;599,18;3,95
ABZO08CDK;140788,74;1,12;98,99;98,88;877,85;3,75
ACFI41GPC;12746,32;1,42;98,48;98,58;211,64;12,43
ACQO46NVK;49201,89;0,05;99,49;99,95;1432,2;30,87
ACQX88XCS;21248,07;8,65;99,49;91,35;2244,06;25,12
ACSA76DHG;90185,85;10,66;92,42;89,34;2052,62;6,8
ADML95JEA;113692,61;32,44;98,48;67,56;203,63;10,68
ADRC82WLA;48853,42;0,94;99,49;99,06;399,29;20,61
AEYW04EAS;275328,17;2,07;98,48;97,93;3166,55;8,39
AFJX14TPC;149947,97;11,61;87,88;88,39;3029,05;1,99
AFOI33TBC;27648,62;2,99;97,47;97,01;574,4;10,12
AGNE71LCM;300783,35;5,64;96,46;94,36;4202,73;8,59
AGOV90VAY;1125620,41;15,37;76,77;84,63;15624,22;1,51
AHRX26EUI;1963,55;0,0;100,0;100,0;601,72;44,79
AHSQ10ADO;84554,23;4,54;96,97;95,46;1046,24;7,54
AJVS96PAY;315,07;0,0;100,0;100,0;126,97;100,56
AKAO10DDE;28010,56;33,46;97,47;66,54;373,96;5,95
AKQL51SZN;17890,5;0,0;100,0;100,0;743,39;36,95
ALAN21NRD;31486,2;20,44;90,4;79,56;471,25;2,98
ALUB59SPL;156457,36;2,1;94,95;97,9;2691,93;3,0
ALVC28NVJ;69231,87;13,33;93,94;86,67;1016,74;5,47
AMGY06SEJ;5601,96;1,98;99,49;98,02;1035,21;338,24
ANEP69KSW;113067,0;4,33;96,46;95,67;960,95;4,85
AOXT12ZOZ;43891,48;7,04;95,96;92,96;924,33;4,46
AOZX54SFS;188630,98;2,83;95,45;97,17;2023,72;3,0
APJW02QGZ;27350,63;4,82;98,99;95,18;1357,99;11,69
APMP40YNJ;8301,36;42,86;98,99;57,14;882,42;104,0
APZK92QSV;122406,39;0,9;98,99;99,1;906,67;6,76
AQDF70FXF;8238,94;0,0;100,0;100,0;281,03;299,16
AQEG79FFY;204697,68;0,89;99,49;99,11;2061,07;8,49
AQMC12QMF;48183,22;4,95;97,47;95,05;747,47;8,32
AQQZ89VBR;10158,13;1,63;98,99;98,37;280,97;56,54
AQTP36TVE;14580,66;13,66;99,49;86,34;206,45;23,07
ARNR68HFV;982068,92;1,4;96,97;98,6;92251,55;4,04
ARZE08ZTN;45390,83;6,93;94,95;93,07;2709,16;8,86
ATBC63UWV;39708,25;0,0;100,0;100,0;607,4;8,98
ATPH55ETY;23030,6;8,0;93,94;92,0;192,18;5,48
ATQP40GEG;40357,27;2,18;98,48;97,82;710,97;18,25
ATQV14KOX;66316,51;0,31;99,49;99,69;2093,73;8,74
AUZL62GWE;33293,11;7,47;95,96;92,53;258,94;5,32
AVIL64ITJ;97282,46;0,01;99,49;99,99;1986,47;6,96
AVQK51NHG;6010,51;2,19;98,99;97,81;3366,74;57,27
AVRZ64AAQ;797,59;0,0;100,0;100,0;511,03;4216,0
AWMJ94SYI;95151,74;1,02;97,47;98,98;575,14;5,79
AXAN27EQX;29395,74;15,02;97,47;84,98;992,58;16,75
AXXN38NAM;2211,29;0,0;100,0;100,0;452,67;101,27
AXYH42OMU;51315,13;2,97;97,98;97,03;764,02;13,53
AXYT24KOD;24350,88;0,0;100,0;100,0;230,55;16,19
AYBO60WQZ;14070,59;1,64;98,48;98,36;177,64;11,12
AYGO89PFR;51914,22;0,87;99,49;99,13;775,96;10,41
AZDS82KHA;23380,61;0,0;100,0;100,0;954,55;18,28
AZYE75BBQ;91163,25;3,34;96,97;96,66;260,92;5,12
BADM83ZDD;11349,41;7,67;98,48;92,33;308,91;15,63
BAHI62GTD;23578,02;6,83;97,47;93,17;827,41;21,2
BBAK71NWV;31467,39;0,0;100,0;100,0;881,46;18,14
BBME69SAX;34767,37;0,5;98,99;99,5;553,84;10,52
BDKP01NVC;18435,9;0,52;99,49;99,48;1152,98;33,65
BEKQ52MGL;37455,51;1,06;98,48;98,94;659,44;8,11
BFCN97FQN;121393,52;2,29;95,96;97,71;655,73;3,13
BGLV15DIU;16314,08;0,0;100,0;100,0;419,14;36,88
BGSL75BUY;181910,74;1,32;97,98;98,68;4296,25;6,07
BHZL40AUJ;31847,48;1,31;99,49;98,69;1115,97;9,85
BIDG61VWW;14122,5;0,0;100,0;100,0;287,52;14,65
BITM21SNR;21680,32;2,17;98,48;97,83;758,65;45,35
BJMB93NDS;55710,61;1,58;97,98;98,42;885,82;11,55
BJZJ35YTW;17714,37;2,24;97,98;97,76;445,66;7,49
BLHV10HLI;2387,44;0,0;100,0;100,0;236,21;69,81
BMLB33LZE;3827,04;2,08;99,49;97,92;57,45;11,83
BMMO53KQA;32960,26;0,74;98,99;99,26;906,87;22,04
BMQG92LCP;19017,55;0,0;100,0;100,0;316,95;11,17
BNVP82AGQ;8573,57;6,15;99,49;93,85;498,42;68,92
BNXX22JOY;12441,1;15,02;96,97;84,98;197,98;19,37
BOQF92TBE;316544,87;1,69;98,48;98,31;4648,64;4,19
BPBN91QMP;65157,98;3,59;95,96;96,41;185,84;3,46
BPPR48ETE;1,73;0,0;100,0;100,0;70,85;19,48
BPWV22RQW;172176,89;1,0;97,98;99,0;608,53;3,26
BQIO24HLH;60600,76;4,9;95,45;95,1;646,79;4,19
BROX99EVJ;5453,04;1,2;99,49;98,8;1255,52;83,2
BRPP97OAD;33335,71;0,89;98,48;99,11;908,15;5,67
BRWF46IRJ;16795,51;2,25;98,99;97,75;427,65;13,99
BTBT53HRF;108535,58;4,03;98,99;95,97;888,08;6,68
BUAX02YXK;5140,51;61,52;99,49;38,48;458,96;41,72
BUFD91PLP;14554,38;1,5;99,49;98,5;384,15;40,85
BULO99HHM;15217,23;20,94;97,47;79,06;466,11;7,63
BVLD98PJM;20456,37;0,24;98,99;99,76;635,48;12,02
BVLG54IQX;6936,53;1,26;99,49;98,74;509,69;74,59
BVZS73UON;542,95;21,6;98,99;78,4;18,91;17,58
BWIM68WJM;11393,67;3,5;97,47;96,5;181,4;9,99
BWVL00BWL;4535,44;2,86;99,49;97,14;760,09;102,38
BXEG08XWA;3100,5;24,15;89,9;75,85;139,38;10,29
BZIB63IFG;7488,8;0,17;99,49;99,83;483,28;20,35
CAIJ02DXV;20679,62;30,03;97,47;69,97;2824,91;51,28
CAOT92ECU;23150,02;15,89;93,94;84,11;2303,23;24,15
CBTL80HNX;108426,95;0,54;98,99;99,46;229,97;6,82
CDNX62QVY;130141,62;8,49;96,46;91,51;5468,64;6,19
CFSF52FDS;5611,71;2,28;98,48;97,72;324,08;19,74
CGME36BZF;15846,13;2,2;98,48;97,8;453,16;21,94
CGNN82OHK;4175,9;3,03;98,99;96,97;441,01;34,82
CGXK58LSV;6839,28;0,0;100,0;100,0;917,45;138,14
CGXU62CFR;587705,6;4,23;94,44;95,77;31168,15;2,33
CHHE55HDP;38167,75;35,34;97,47;64,66;1539,15;14,6
CHNM68VZF;35478,46;7,35;94,44;92,65;351,11;5,41
CHPD62HCA;216685,57;3,98;95,45;96,02;9564,13;4,55
CHRF16PET;1200,92;25,84;95,45;74,16;146,13;17,43
CIDP66VOX;10355,88;0,0;100,0;100,0;723,45;123,06
CIUV27OFQ;66150,94;7,7;92,93;92,3;663,36;4,32
CJDD29FZZ;4724,2;0,82;99,49;99,18;896,57;182,63
CJQD68FGI;4297,2;0,0;100,0;100,0;446,52;103,04
CKYC93HJE;37420,65;6,82;98,48;93,18;343,11;25,2
CMNC99EEN;180966,27;0,0;100,0;100,0;11380,3;7,98
CMQF44EQT;3952,49;0,0;100,0;100,0;717,01;94,65
CNLX46BDJ;49620,78;4,65;97,98;95,35;1424,19;7,69
COPM90NQS;65,77;0,0;100,0;100,0;1709,59;75,39
CPAP94WOL;23404,68;2,48;97,47;97,52;696,64;15,78
CPQC93HQC;61663,03;9,51;94,44;90,49;364,15;4,3
CQMB14NXU;4308,8;0,0;100,0;100,0;710,55;287,71
CQUZ39ZBK;52217,65;8,12;98,48;91,88;1256,41;23,01
CQWA43VUS;79230,9;3,31;98,48;96,69;1002,81;7,04
CRPT93HWZ;77416,2;3,06;95,45;96,94;857,44;3,64
CRQL91UBX;8589,45;0,38;99,49;99,62;509,07;38,04
CSPR32GGQ;48640,96;3,64;94,95;96,36;269,78;3,67
CUDJ16ZPV;34793,77;39,84;90,4;60,16;1332,36;7,58
CUQW96QKG;76971,75;2,48;98,99;97,52;345,1;8,07
CVTY97UTZ;11899,36;3,12;99,49;96,88;251,76;26,39
CWFV18CLS;27994,43;0,67;98,99;99,33;949,06;8,93
CWZN42MUK;7145,2;9,71;96,97;90,29;1214,17;8,54
CXUJ33EOP;479229,88;2,34;97,98;97,66;12782,4;3,73
CYEY37KJI;132361,44;1,07;98,48;98,93;553,85;4,01
CYIL54NKH;99,06;0,0;100,0;100,0;448,69;157,52
CYJA63XLN;99217,68;0,1;99,49;99,9;949,94;15,11
CYOC41WYB;39730,42;0,13;99,49;99,87;1356,03;15,09
CYUC22ZBQ;54065,63;10,76;95,45;89,24;313,35;4,75
CZIS04ACI;262924,7;1,67;95,96;98,33;3121,07;2,76
CZKW28LKO;16449,52;1,32;97,98;98,68;804,17;9,99
CZLZ12MWM;61796,36;6,73;95,96;93,27;217,3;2,75
DAWL45NTI;17074,04;3,12;98,99;96,88;201,84;104,07
DAZV00ZDO;5868,95;2,82;99,49;97,18;233,58;36,19
DCCI03FJF;26720,2;2,22;99,49;97,78;4156,36;127,0
DCYY41OXM;59949,94;0,01;99,49;99,99;794,39;3,84
DDHH31OLZ;31566,77;11,16;95,45;88,84;545,54;6,11
DDQO79YYY;30432,1;6,66;95,96;93,34;303,02;7,66
DDZF92MUD;12397,0;0,0;100,0;100,0;883,03;62,8
DECH95SPM;148078,74;0,0;100,0;100,0;2380,15;7,56
DENH39GDU;8957,57;21,11;99,49;78,89;297,99;26,72
DETF05GUN;70115,47;8,2;96,97;91,8;772,6;7,88
DEUT18EKM;20,34;0,0;100,0;100,0;854,95;237,09
DEZG49HBU;7550,21;23,93;96,97;76,07;185,44;7,21
DFEL35GOO;23646,61;1,75;98,99;98,25;1777,09;22,86
DGID45KCK;120597,95;0,01;99,49;99,99;1399,52;4,82
DHWN85BFH;36644,75;4,87;95,45;95,13;175,27;4,78
DISR36IAW;76520,6;3,71;97,47;96,29;5613,66;8,25
DJCG91CEP;6645,2;6,92;99,49;93,08;441,52;52,16
DJDD16MJM;57476,55;11,1;89,39;88,9;375,33;3,86
DJVI99GND;115119,38;4,97;95,45;95,03;779,8;4,51
DKDE49QWW;7388,89;2,96;98,48;97,04;275,19;18,36
DKEY88BQS;8491,24;8,99;93,94;91,01;850,67;7,01
DLGZ60BGP;41814,44;4,83;98,48;95,17;598,18;6,09
DLPB83LMJ;17,75;0,0;100,0;100,0;153,99;27,92
DLRA77DWW;29,93;0,0;100,0;100,0;298,63;107,12
DMHG88IKV;60967,72;19,55;68,69;80,45;850,19;1,35
DMND61MOE;17450,46;0,0;100,0;100,0;733,8;26,87
DMWW72ZFU;251967,28;2,45;98,48;97,55;729,55;4,05
DMXD68DCV;226199,54;1,75;98,99;98,25;1722,47;5,55
DMXX95UHE;4886,76;0,0;100,0;100,0;374,3;48,82
DNKD63EQL;3964,12;1,32;99,49;98,68;1565,3;68,42
DOLF60TDO;307928,58;6,76;93,43;93,24;1180,01;2,57
DPFP00PPJ;145892,72;3,23;98,48;96,77;878,06;4,38
DQDW59EWW;89,19;0,0;100,0;100,0;62,96;29,97
DQIB46WZL;117046,86;10,68;91,92;89,32;6620,42;3,45
DQST71BFV;5,5;0,0;100,0;100,0;1510,39;67,46
DRIH34TYV;2,08;0,0;100,0;100,0;2,03;16,75
DRNI18DTG;5251,43;0,0;100,0;100,0;331,56;20,06
DRRK91SFW;40480,77;0,74;98,48;99,26;299,6;6,66
DRSF41ZYM;95672,17;4,35;95,96;95,65;1103,21;3,89
DTHH24RED;24017,25;2,43;97,47;97,57;97,19;5,56
DUNO11XHP;24133,9;0,0;100,0;100,0;1116,14;28,31
DUVM50USJ;262239,52;3,21;93,43;96,79;4588,5;2,6
DUVP29CJD;48131,76;1,4;98,99;98,6;859,14;11,65
DVIH38MJZ;25648,28;2,43;98,48;97,57;659,26;17,04
DVKW42JPW;13889,78;0,0;100,0;100,0;358,18;153,51
DWXW23ROK;6757,28;2,29;98,48;97,71;367,44;30,85
DYNA08VND;20551,22;20,29;97,98;79,71;1149,94;19,48
DYNJ09FYL;8652,84;1,52;99,49;98,48;440,5;33,98
DZTV28HGD;11558,3;15,34;96,97;84,66;172,65;15,8
DZUE62FEX;30832,38;4,33;96,97;95,67;448,16;15,49
EAFE90WKR;20319,55;4,21;94,95;95,79;486,81;7,29
EAVM81BXB;31222,76;12,02;97,47;87,98;378,9;9,72
EAZW56VJA;34387,97;5,3;95,45;94,7;303,54;7,46
EBBS11TLR;7547,18;2,88;98,48;97,12;555,39;21,98
EDRV73GXD;16124,05;1,3;99,49;98,7;481,35;24,38
EEPK36WCP;17644,61;3,62;97,98;96,38;546,09;10,03
EEVG71ZRL;1670769,24;0,0;100,0;100,0;67471,55;4,4
EFRT03INZ;3496372,16;3,86;93,94;96,14;37625,45;2,67
EGBS04MIC;58340,12;2,49;93,94;97,51;1206,16;3,91
EGDC22FMA;5030,07;0,41;99,49;99,59;777,73;63,37
EHMN85AVL;33609,23;6,01;98,48;93,99;760,24;9,58
EILO87FSQ;150255,95;3,37;94,95;96,63;1912,92;3,89
EJEL16XKW;5697,67;0,0;100,0;100,0;842,25;106,22
EJNQ36YZQ;7474,15;14,29;99,49;85,71;225,41;82,81
EJXK43CIV;15847,82;2,61;99,49;97,39;418,34;19,27
EJYJ78YSW;9876,06;3,9;99,49;96,1;308,61;22,04
EKGC04LZQ;55542,32;5,99;96,97;94,01;1133,95;7,94
EKSV29ZXO;168844,58;13,9;79,8;86,1;357,16;1,36
EKZD71FSB;1435,07;0,0;100,0;100,0;246,34;85,57
EMGH86RXJ;22838,57;5,49;97,47;94,51;3549,92;6,56
ENFR62LON;37305,34;5,29;98,99;94,71;1118,54;11,84
ENMS51USW;8138,75;0,0;100,0;100,0;689,24;75,07
EORW09QCA;115255,06;5,31;97,47;94,69;219,74;6,53
EOWT02POH;25016,91;11,39;97,47;88,61;841,56;6,43
EPWC52AUO;569161,25;3,46;93,43;96,54;18747,91;2,97
EQUZ91VJN;6,16;0,0;100,0;100,0;205,36;22,37
ERIM01DPG;38654,29;1,42;97,98;98,58;147,46;4,25
ERIO34WXJ;50642,95;0,91;98,99;99,09;3455,86;8,93
ESGO82VKN;15151,35;22,19;93,43;77,81;74,54;4,8
ESNE13YPM;4498,34;21,67;96,46;78,33;27,81;5,1
ESNI97XJF;119537,81;3,95;97,98;96,05;4923,16;5,09
ETOZ73RPG;435867,87;0,7;98,48;99,3;1957,21;1,92
EUEC33VDU;6068,96;0,0;100,0;100,0;855,15;100,79
EUKN02AQD;3389,6;12,5;99,49;87,5;875,33;90,27
EUQJ35PNX;47757,14;0,0;100,0;100,0;2772,12;47,65
EVTW65WNM;36536,41;0,0;100,0;100,0;777,96;9,49
EWFT71UVQ;229464,55;11,8;95,96;88,2;766,98;5,42
EWIH71EDZ;111375,39;3,32;96,46;96,68;1403,67;3,89
EXHX97JSF;3173,94;0,8;99,49;99,2;408,79;64,75
EXPM07IKN;24857,86;0,48;98,48;99,52;147,88;5,86
EXUJ38JPL;3706,51;0,0;100,0;100,0;546,42;185,9
EYKJ62LHJ;1588,48;0,0;100,0;100,0;127,4;94,83
EZHF94FIP;167138,67;33,97;94,44;66,03;1096,14;6,05
FANH24JCJ;155134,47;7,95;95,96;92,05;1038,56;4,4
FAVC49ZQG;45697,22;8,61;89,9;91,39;503,49;3,43
FBAC36ALE;6427,96;9,9;99,49;90,1;599,74;27,1
FBKY82IGW;15032,14;3,3;98,48;96,7;343,06;11,81
FDNK25WTI;147741,39;0,3;98,99;99,7;562,99;5,61
FDPC43EZS;36745,52;2,56;98,99;97,44;554,4;6,25
FEZS07UUZ;46192,28;7,88;96,46;92,12;778,41;6,88
FFGT42CIV;55228,87;13,69;98,99;86,31;608,87;14,35
FFIA76SPB;4081,09;0,0;100,0;100,0;1579,48;35,39
FFNZ08VUQ;77426,76;2,99;98,99;97,01;621,44;11,85
FFTI00IAF;75985,49;0,39;99,49;99,61;560,02;5,5
FHOD96CFO;2447,36;45,16;98,99;54,84;1374,97;99,8
FILI14GUK;113544,71;4,25;94,95;95,75;1209,76;3,08
FINQ79LCW;79653,37;2,68;96,97;97,32;837,09;4,47
FJAF09OWD;20960,69;2,2;98,48;97,8;511,87;7,57
FJAM67ERH;389221,47;3,06;95,96;96,94;1792,6;3,64
FJOZ43CSH;51358,27;4,94;93,94;95,06;418,42;4,8
FJUA69DZU;11315,47;0,67;99,49;99,33;227,71;16,84
FJVE86HCI;594013,28;0,0;100,0;100,0;46095,31;4,96
FKKM55CDJ;39929,5;0,0;100,0;100,0;1079,8;23,86
FKTJ89LEA;131522,97;3,8;96,46;96,2;5730,76;13,57
FLFD69QMH;278096,43;0,0;100,0;100,0;2720,9;4,46
FMLD62KEI;161504,98;9,6;96,46;90,4;280,45;5,75
FMPX53XWF;26131,89;32,06;98,48;67,94;416,76;15,47
FNEA23ISC;48079,5;7,94;93,43;92,06;526,48;2,92
FNVU51FNV;49684,79;2,62;96,97;97,38;423,79;5,83
FOBR22MSN;2312,33;0,0;100,0;100,0;593,86;258,43
FOBV94GVR;637266,3;13,43;75,25;86,57;8879,29;1,53
FOGA28EEH;29693,91;2,55;96,97;97,45;315,99;5,57
FOII60HZR;4,54;0,0;100,0;100,0;105,58;137,53
FOIO82HHP;383836,02;12,28;97,47;87,72;1626,36;5,22
FQDL25EZN;32,38;0,0;100,0;100,0;23,47;22,78
FQOF49BSR;35689,54;5,18;95,45;94,82;639,25;13,11
FQPR58URQ;571575,04;18,09;75,76;81,91;13791,86;1,49
FRAM30OZP;111499,46;1,14;98,99;98,86;564,94;5,51
FSCF22PDZ;81549,88;0,33;98,99;99,67;1049,94;3,39
FSNK66QLG;165388,19;7,29;97,98;92,71;1417,53;6,21
FSVM04JSS;113953,82;2,73;98,48;97,27;1620,61;10,41
FSYJ54YAN;3161,27;0,0;100,0;100,0;468,42;109,63
FTHK04EQC;25144,76;4,04;98,48;95,96;510,42;12,85
FTQE01RPT;151576,92;3,5;98,48;96,5;6009,11;5,18
FTQI85QCD;4293,56;0,0;100,0;100,0;789,03;2002,92
FTQW61QYL;37481,7;2,94;97,47;97,06;194,82;3,86
FTZN25UZH;176867,06;0,46;97,98;99,54;3151,84;4,43
FUDI74XNQ;1,89;0,0;100,0;100,0;2,2;18,12
FUFK88WUQ;85667,38;3,02;98,48;96,98;824,27;8,06
FUQQ36LIP;23455,39;3,85;97,47;96,15;509,33;21,55
FUXY88GDB;184005,37;15,19;79,29;84,81;1734,78;1,81
FVBD37HQB;12137,0;2,01;97,98;97,99;613,33;18,46
FVCJ30RVH;82598,33;3,87;96,46;96,13;866,46;3,8
FVUO62HTP;3401,35;27,35;97,47;72,65;330,42;24,45
FWRK19CWC;154,42;0,0;100,0;100,0;24,38;20,63
FXCI18WCK;4742,17;11,33;98,99;88,67;156,44;21,27
FXXV11MGP;12674,05;3,56;98,48;96,44;1186,38;38,69
FYBK70SNY;38200,32;3,56;97,47;96,44;2152,83;8,03
FYFO43CVN;57327,24;3,08;98,48;96,92;775,54;5,78
FYRX53VAC;12714,12;0,0;100,0;100,0;638,87;39,15
FYYZ87QGO;3384,31;5,75;96,97;94,25;726,17;26,65
FZFM65NZY;76871,23;2,07;98,48;97,93;548,27;3,47
FZFP28ORB;80724,61;2,57;97,98;97,43;6909,85;8,68
FZFT11JIE;67937,94;4,17;97,98;95,83;544,32;5,83
FZQA53CSD;35030,94;0,0;100,0;100,0;737,0;4,4
FZRY85XVB;15029,8;0,0;100,0;100,0;2668,3;83,54
GAYA56QOJ;480777,82;3,14;92,93;96,86;406,8;2,2
GBUJ30ALH;764210,77;1,83;98,99;98,17;16602,45;7,5
GBZA17RMO;15857,33;6,02;96,97;93,98;409,98;6,72
GCRL34DDH;150671,98;6,55;95,45;93,45;763,79;4,84
GDRE49GXM;193319,93;0,06;99,49;99,94;3754,63;7,38
GEIL72FVU;1965,64;1,33;99,49;98,67;144,73;47,76
GFWW34KWZ;21134,49;0,0;100,0;100,0;487,67;57,48
GGJA06NJO;229126,4;1,55;97,98;98,45;1475,31;6,06
GGSN89NEX;39519,6;8,51;95,45;91,49;750,32;8,9
GGTF06DQX;304267,22;11,81;72,73;88,19;4363,35;1,22
GHAD79ZCZ;8494,28;0,0;100,0;100,0;875,63;75,38
GHUL20KUB;61950,93;1,3;98,48;98,7;745,0;6,99
GJWK81AYE;1631,06;0,0;100,0;100,0;253,13;84,24
GJXM03XNW;17093,87;5,8;98,99;94,2;567,45;15,4
GKQG13XVE;30735,6;0,06;99,49;99,94;3421,57;13,99
GLRA46ELA;27411,14;0,0;100,0;100,0;519,15;46,94
GMJG11AQC;76694,75;4,37;98,99;95,63;214,46;15,48
GNPV74IUC;14153,51;6,54;98,99;93,46;366,64;11,63
GOJD85HYI;25564,78;1,4;98,99;98,6;432,0;11,77
GPKK85RER;68,76;0,0;100,0;100,0;1629,34;87,31
GQWT95LLK;86762,56;3,88;93,94;96,12;282,03;3,31
GREQ59HTG;44908,05;2,45;97,47;97,55;1535,25;3,81
GROT79YWF;116451,11;5,67;96,46;94,33;977,03;4,86
GRUM26KMW;38415,59;0,87;99,49;99,13;936,71;13,82
GRUW68GNK;20138,2;0,0;100,0;100,0;8759,09;141,87
GSLX00NDE;8968,44;0,68;99,49;99,32;318,03;42,84
GSPG11FMG;5436,22;1,23;99,49;98,77;318,79;38,96
GSWH65QOX;17445,01;1,33;97,47;98,67;835,22;17,97
GTMS54WYS;29505,12;0,0;100,0;100,0;663,33;13,05
GTVF20BNT;9080,85;24,92;98,48;75,08;247,67;26,11
GULI61IDJ;84176,44;4,61;96,46;95,39;711,48;5,88
GUSZ71BXE;173401,69;2,29;98,99;97,71;2446,15;7,08
GUYI09INC;20890,52;4,31;97,98;95,69;660,71;21,69
GVFL45RLZ;4361,95;12,76;98,99;87,24;428,33;43,27
GVMB23LHG;4233,7;0,0;100,0;100,0;617,52;56,29
GXLZ95BIB;7194,49;1,04;99,49;98,96;610,06;78,64
GXUY27OKX;195961,32;0,53;98,99;99,47;5104,0;8,01
GYVJ53YTT;42815,17;1,07;99,49;98,93;3116,79;8,01
HAGM08JED;80858,47;3,94;97,47;96,06;503,53;4,92
HBRR20NFA;105856,0;1,55;97,47;98,45;884,02;4,56
HBRU63IHL;83646,34;1,19;98,48;98,81;873,64;4,96
HCAY34CLI;7884,87;1,04;99,49;98,96;651,31;111,56
HCCJ85WIT;13,7;0,0;100,0;100,0;742,85;101,02
HCXC23JBK;2430,11;0,0;100,0;100,0;600,85;168,03
HDIJ21OEK;23965,67;6,48;98,48;93,52;594,02;9,72
HEAC11CHX;7178,04;0,0;100,0;100,0;522,67;49,0
HEBX11TNP;3475,62;0,0;100,0;100,0;712,97;87,79
HEDE46UIT;43457,5;6,36;94,44;93,64;340,35;6,21
HFSA48UZA;82866,92;7,15;96,46;92,85;830,28;4,38
HGHK36SLL;7028,71;0,22;99,49;99,78;158,8;23,24
HGZW01FRJ;216434,75;10,57;94,95;89,43;3897,84;8,82
HHBY01SXC;388122,87;1,91;93,94;98,09;6063,76;2,83
HHQH93YHL;27544,02;2,09;98,99;97,91;776,41;16,08
HHSY05IZY;11154,92;1,29;97,98;98,71;796,51;14,69
HIIL72RNZ;2,91;0,0;100,0;100,0;124,06;63,97
HISJ17RBJ;25268,56;10,84;97,98;89,16;873,91;8,87
HJJD34BIQ;36663,22;9,15;98,99;90,85;550,14;13,4
HJRP94FDS;40773,34;0,0;100,0;100,0;2801,27;25,89
HLAH20ISI;118941,82;0,0;100,0;100,0;809,56;6,71
HLDZ44QZN;11917,34;5,26;99,49;94,74;522,99;61,93
HLUD48LVM;39639,7;2,3;98,99;97,7;297,92;5,22
HLYY07FTD;158953,75;12,32;77,78;87,68;1534,33;1,78
HMKR20JJT;70807,24;2,97;96,46;97,03;1093,09;4,62
HMQV92SHD;81387,98;1,11;98,48;98,89;446,32;7,63
HNBP43ZMJ;16,44;0,0;100,0;100,0;418,33;15,63
HNMO99LMZ;79924,03;0,46;99,49;99,54;1067,09;17,48
HODW59JKZ;29228,81;5,24;99,49;94,76;504,41;8,65
HOUN33UQR;36598,86;0,45;99,49;99,55;1087,68;24,01
HPDG47ERF;11298,98;0,3;99,49;99,7;272,38;13,69
HQCP63KVF;5049,79;0,0;100,0;100,0;97,05;31,61
HQEV03LEY;14218,71;0,92;98,48;99,08;624,91;14,85
HQMJ53GFK;152982,31;17,7;85,35;82,3;3085,88;2,4
HRMD73WFT;1235,04;10,71;96,46;89,29;25,11;14,79
HRVO22SVX;47254,27;18,44;96,46;81,56;1219,57;14,18
HSET43YAZ;12412,48;3,25;96,46;96,75;111,85;7,83
HSOG84USO;25996,76;2,8;97,47;97,2;290,25;7,38
HTOA76TVA;27844,76;5,54;96,97;94,46;681,67;7,33
HTOY37YRT;2073,71;0,0;100,0;100,0;1249,45;310,02
HTRF26XLO;165346,93;10,01;95,96;89,99;818,37;5,22
HUDS58NYR;38031,8;0,51;98,99;99,49;510,7;7,43
HURR77KQR;47435,04;0,84;98,99;99,16;394,88;5,2
HVBK11FDL;4010,69;0,0;100,0;100,0;1452,97;83,83
HVFK79WMU;16732,69;21,2;97,47;78,8;1160,38;16,29
HVLG50BVG;17567,13;0,36;99,49;99,64;152,14;6,82
HVRL62TUS;53614,85;2,91;96,46;97,09;310,95;6,89
HXEC39WBV;367258,96;0,67;98,48;99,33;16919,96;4,12
HXFM18BTQ;9333,96;3,47;95,96;96,53;275,31;6,71
HXGG96DOT;83700,61;3,85;97,98;96,15;883,44;6,06
HXLO55PYA;4,8;0,0;100,0;100,0;139,09;176,54
HYLX99XNX;99714,97;0,24;99,49;99,76;807,39;6,5
HYRL60UZX;29133,19;10,33;96,97;89,67;592,67;13,47
HYYE50BCF;9663,67;0,37;98,99;99,63;294,51;18,09
HYYT98EPJ;64196,5;0,59;98,99;99,41;437,95;7,73
HZBL04PBW;46446,61;1,46;98,48;98,54;274,6;4,28
HZQO09WWV;29827,6;1,35;99,49;98,65;228,04;19,07
IAAB15LKG;1000795,53;15,51;80,81;84,49;8873,2;1,67
IAME04NHZ;11292,7;4,19;95,96;95,81;306,49;9,87
IAVE29ZKQ;17277,39;0,0;100,0;100,0;1243,45;34,72
IAZX92GXT;283777,55;3,5;94,44;96,5;1245,28;2,55
ICIQ56AHA;52107,35;3,17;95,45;96,83;663,02;4,54
ICQZ39GIQ;169743,44;9,9;93,43;90,1;3258,54;4,18
IDIW64NXE;149211,3;3,44;98,48;96,56;8020,18;5,79
IDNJ93PNO;5300,38;14,39;99,49;85,61;203,35;72,42
IEXW92LIG;6327,77;1,32;99,49;98,68;421,92;109,92
IEZW96UJQ;43955,97;2,23;98,48;97,77;231,29;11,36
IFAF73ACY;2260,75;18,44;92,93;81,56;51,31;9,01
IFMM15HOG;87400,14;3,66;95,45;96,34;764,84;8,23
IFUM81APG;250809,04;1,53;97,98;98,47;3145,83;9,52
IGDR16QDJ;111734,35;0,22;99,49;99,78;2921,1;4,06
IGNZ10AFU;97711,47;4,85;96,97;95,15;893,45;6,84
IHER07ULN;341908,91;0,89;98,99;99,11;9824,64;6,38
IHWW65EJN;28376,2;7,38;96,46;92,62;745,59;8,77
IIVY41ZQT;0,34;0,0;100,0;100,0;342,2;46,09
IIWK53ARM;861,17;44,79;99,49;55,21;145,11;49,88
IJHW44CLJ;2,33;0,0;100,0;100,0;55,31;273,8
IJJV67YIT;12670,49;3,87;98,48;96,13;434,0;26,42
IJVO28CYP;94408,79;31,38;57,58;68,62;917,92;1,08
IKCX64IZL;18039,43;2,85;98,99;97,15;573,47;17,66
IKWF51IYN;8284,49;1,75;98,99;98,25;742,31;27,01
ILCV57TKU;14997,36;2,47;98,48;97,53;342,32;13,95
ILSB97ANL;10598,53;1,59;98,99;98,41;457,76;18,44
IMKD58PCC;36941,31;2,55;98,99;97,45;493,17;14,14
IMWD26LTG;26023,2;0,03;99,49;99,97;527,03;4,71
INFH77ZPC;78113,61;2,26;98,99;97,74;623,54;5,48
INOC35AVI;29359,3;0,94;97,98;99,06;123,99;4,52
INXF14GAZ;10,76;0,0;100,0;100,0;220,83;47,12
IOJD33BIL;12467,51;2,32;99,49;97,68;948,96;36,34
IOJN59NCJ;15959,71;0,0;100,0;100,0;883,11;27,36
IOUT43PTU;55396,43;4,76;96,97;95,24;558,18;6,31
IPRI75HMR;129917,88;8,79;96,46;91,21;1678,84;4,91
IPSC35CXR;43908,68;0,0;100,0;100,0;983,87;9,63
IPSX84OJB;12462,51;11,12;92,42;88,88;66,8;5,84
IPYX96FNK;6443,69;0,0;100,0;100,0;790,18;149,29
IQAL30OWP;26676,15;3,32;98,99;96,68;1003,37;17,94
IQYF35ALA;5542,42;12,65;96,97;87,35;79,31;7,88
IRGW30AKZ;2578,19;6,57;98,99;93,43;150,81;37,7
IRPP40BNN;13864,55;0,0;100,0;100,0;757,23;56,71
IRUU49IDE;4725,1;0,0;100,0;100,0;2485,0;911,17
IRVF75ULJ;8689,89;1,72;98,48;98,28;1187,7;19,81
ISHM74IDS;72028,52;6,68;95,45;93,32;716,2;4,4
ISOD32CNV;229948,92;14,17;81,82;85,83;4020,68;1,62
IUQL98ATE;12089,99;21,48;98,99;78,52;277,36;28,92
IVSG78ZEI;14406,15;2,18;97,98;97,82;667,81;25,99
IWNQ31NOY;7721,88;0,0;100,0;100,0;486,12;30,79
IWOJ74IEC;3531,74;0,0;100,0;100,0;904,12;103,6
IWUD97LHN;3272,97;0,0;100,0;100,0;252,67;104,22
IWUU46ORH;1110,88;24,6;97,98;75,4;205,4;27,11
IXZW52LCZ;13107,39;19,07;94,44;80,93;429,4;15,35
IYTI61EBI;123473,47;2,92;96,46;97,08;1974,36;6,53
IZBP30PWV;22719,21;2,86;98,48;97,14;382,02;17,33
IZNB93SPC;544001,6;0,0;100,0;100,0;4170,76;5,88
IZVB26MLS;12232,77;1,02;99,49;98,98;211,09;35,54
JABK79WLP;213,78;0,73;98,99;99,27;1622,68;39,28
JBVG41CPM;26,82;0,0;100,0;100,0;1675,15;230,33
JDPI18ZQV;7665,96;1,27;98,99;98,73;302,13;16,45
JDPV09HTZ;74376,59;38,42;98,99;61,58;2931,85;18,31
JFDA82FJE;59962,79;0,0;100,0;100,0;4307,84;8,59
JGVB34FGM;77835,59;0,31;99,49;99,69;1033,82;22,63
JHCM63OPB;119499,24;4,42;95,96;95,58;4193,06;4,34
JIUT73XUD;25318,74;0,66;99,49;99,34;441,64;48,26
JIWO41RQV;354,38;3,58;98,99;96,42;563,17;38,79
JIWT95KYU;32943,17;1,9;98,48;98,1;1529,29;16,88
JJCS63IKB;24685,28;2,76;97,47;97,24;417,18;9,99
JJON89KAQ;41881,59;0,0;100,0;100,0;1323,67;13,95
JKHG14ENE;111532,44;5,54;97,47;94,46;955,88;4,36
JKPW72ZWO;8572,4;0,0;100,0;100,0;739,81;27,04
JLDB00FDM;64024,14;2,53;98,99;97,47;3724,24;10,37
JLWL67UWA;6340,03;3,85;96,46;96,15;127,21;11,53
JMGP54LAK;13411,92;0,0;100,0;100,0;357,25;404,2
JMYA00NAU;17785,46;3,58;96,46;96,42;291,12;5,94
JNBP94JIQ;351222,71;2,48;97,98;97,52;1850,3;3,61
JPAO23QSY;13951,84;0,84;99,49;99,16;617,35;22,7
JPDD96AYM;182,28;0,0;100,0;100,0;4522,83;410,79
JPHL26ELP;200786,95;1,3;97,47;98,7;4460,42;2,9
JPYL14EWN;305336,63;3,92;95,96;96,08;39739,41;7,75
JRAL21USQ;7297,33;10,34;98,99;89,66;184,0;28,55
JRAV08VOG;92526,43;5,53;96,97;94,47;1808,92;8,35
JRPY91SOX;37058,32;3,33;97,47;96,67;911,39;10,88
JSMG06JUP;40576,3;0,0;100,0;100,0;934,23;13,48
JTEC14SVF;74144,46;0,86;99,49;99,14;2365,58;7,41
JTSC86GSN;1517,53;24,63;97,47;75,37;17,02;8,38
JULB23LYV;62367,4;2,9;99,49;97,1;577,64;9,2
JUMZ90SON;26533,56;0,0;100,0;100,0;201,25;20,71
JURP55TNB;7645,76;2,07;99,49;97,93;271,01;37,01
JVGI69CNI;27478,46;9,17;97,98;90,83;1987,15;16,23
JWPF06IPT;66295,64;0,33;98,99;99,67;910,87;9,25
JWSO29LLY;63660,86;1,8;98,99;98,2;1524,01;6,6
JXPT74III;16359,23;2,1;98,99;97,9;702,91;28,15
JYIF49VCY;13175,22;10,0;97,47;90,0;320,34;13,44
JYOR52AAI;524,89;37,72;98,99;62,28;13,68;11,88
JZCG80FPW;1,98;0,0;100,0;100,0;40,93;289,43
JZMP55IIC;4060,79;0,0;100,0;100,0;766,79;225,93
JZQH67YJC;743,7;3,64;98,48;96,36;19,93;17,94
KAIF05ZMR;41378,13;2,16;97,98;97,84;449,13;8,02
KATM71XZV;110795,37;2,14;98,99;97,86;345,76;24,36
KBRS15KBZ;40456,5;2,0;99,49;98,0;1068,47;20,77
KDNB35ESH;91133,24;11,86;89,9;88,14;598,77;2,4
KDXN99RWW;21959,07;0,0;100,0;100,0;1032,48;60,7
KEAV69GXC;21349,58;9,63;94,44;90,37;193,92;10,16
KEDH40XKI;33082,98;4,6;95,96;95,4;462,11;9,62
KEGV36DAK;7182,36;0,0;100,0;100,0;631,01;39,09
KEOG38LJB;28599,18;23,69;97,98;76,31;449,89;17,38
KFJA08WMR;30899,77;1,22;98,48;98,78;761,03;7,47
KGGU92NCK;7869,03;5,8;98,99;94,2;1271,92;66,45
KGQJ86RGE;39434,17;3,2;99,49;96,8;2775,76;73,28
KIKI22HLV;318244,55;2,24;98,48;97,76;19429,2;5,22
KISK75HHE;61468,45;0,0;100,0;100,0;919,86;8,18
KIZY80SQZ;11,43;0,0;100,0;100,0;306,54;296,07
KJHN86DUW;1043544,54;0,0;100,0;100,0;26551,28;6,3
KJVB98UOX;62601,35;2,19;99,49;97,81;872,88;13,04
KJVN79FCJ;108194,92;3,3;96,97;96,7;1217,6;5,57
KJXR06JYP;412,55;1,5;99,49;98,5;1152,05;63,47
KKPK50SLM;5612,39;0,0;100,0;100,0;423,79;40,54
KKVY55EYF;65226,57;0,0;100,0;100,0;1054,92;8,19
KLLB71ZBA;42018,12;4,39;97,98;95,61;636,97;6,62
KLNM69UBY;6,97;0,0;100,0;100,0;169,49;279,67
KLPY86FFO;15762,67;0,36;99,49;99,64;231,74;11,96
KMNU34MNI;24634,0;0,0;100,0;100,0;730,73;18,75
KNVU41HAK;2594,01;0,46;98,99;99,54;198,59;30,34
KOAG82LNN;23091,43;7,33;97,98;92,67;765,09;14,03
KOBC79USM;5816,06;28,96;93,43;71,04;429,57;11,46
KOPU25RNN;393151,99;1,53;97,47;98,47;432,86;3,0
KPCQ58KZG;177146,8;1,8;98,48;98,2;1031,17;2,69
KPLW81ZAQ;3241,73;8,03;96,46;91,97;145,12;11,78
KQLF81MCL;66,29;0,0;100,0;100,0;1389,39;159,02
KQMJ38JHG;3127,84;6,98;99,49;93,02;575,35;264,93
KRVL55ZWU;11037,89;5,76;98,99;94,24;456,45;19,29
KSSV50UIL;264046,47;4,09;97,47;95,91;1166,37;1,88
KTDU42EAN;72645,43;0,0;100,0;100,0;1754,29;9,92
KUJY83GUW;482224,59;0,01;99,49;99,99;14052,53;7,08
KUVZ73GFW;25228,95;15,54;96,97;84,46;744,38;8,77
KVWR17USS;28127,69;0,38;99,49;99,62;834,75;26,22
KWGR31INJ;6659,53;0,47;99,49;99,53;445,74;51,43
KWKD14XHF;46363,22;0,75;97,98;99,25;851,5;3,69
KWRK89YPZ;9855,83;0,0;100,0;100,0;860,51;60,63
KXAQ21HJS;14905425,96;5,12;91,92;94,88;183296,18;2,73
KXVU19DTS;6847,56;5,85;99,49;94,15;464,12;61,1
KXYH49BAN;583,59;3,85;99,49;96,15;144,02;137,1
KXZG43TEQ;7520,69;0,24;99,49;99,76;684,47;36,76
KYTD18KWX;12274,68;0,0;100,0;100,0;602,71;28,23
KYYY81SZH;675,91;50,0;99,49;50,0;282,35;93,18
KZPM90IOE;86390,42;5,09;97,47;94,91;1030,41;5,28
LANG05GLL;26307,68;4,11;97,98;95,89;484,53;5,5
LAYU27DTV;44728,96;1,54;97,98;98,46;313,66;5,59
LBKZ83QGL;139910,21;13,67;84,34;86,33;992,42;2,65
LBWV61MFS;17381,6;1,43;98,99;98,57;715,23;29,78
LCHA32QRM;30319,55;5,02;98,48;94,98;574,07;16,83
LCMP16UWA;25619,07;3,2;97,47;96,8;231,33;7,05
LGNB38OKA;24811,51;6,9;99,49;93,1;191,05;17,06
LGVU73IOE;56897,81;12,18;89,39;87,82;399,25;3,02
LHGZ47ZKR;1372,89;5,48;98,48;94,52;134,32;19,7
LHHR13DYH;41984,79;19,79;91,92;80,21;124,58;4,8
LIDX01FCC;46537,12;3,39;95,45;96,61;166,08;5,63
LIQG52OVU;30836,56;2,96;96,97;97,04;288,13;7,35
LJEU84KLZ;8202,4;0,0;100,0;100,0;977,07;15,5
LJFZ98YME;132976,06;7,87;93,43;92,13;7567,05;3,48
LKRI20AQZ;9615,33;0,0;100,0;100,0;762,82;123,4
LLQI41IEB;33070,99;15,76;95,96;84,24;1591,91;8,89
LLXD75ZBV;569765,3;0,79;98,99;99,21;6926,15;10,73
LLZB92AAC;11619,41;0,0;100,0;100,0;231,52;77,43
LMAC50HHC;20,82;0,0;100,0;100,0;5988,33;259,17
LNUO09VWB;9275,5;46,31;98,99;53,69;266,18;52,49
LNWJ49IMG;67693,58;0,3;99,49;99,7;612,36;12,82
LOZN87MWO;13509,44;1,82;98,99;98,18;602,53;49,46
LPIM15GYB;39110,7;5,22;96,97;94,78;1724,2;10,04
LQET50QZS;220248,94;9,08;92,42;90,92;8692,29;3,36
LQPM02FMR;13557,32;4,93;98,99;95,07;230,1;40,11
LRXD46HHJ;8610,24;0,0;100,0;100,0;543,0;47,53
LSFB10SHE;46416,77;1,6;98,99;98,4;2008,42;7,05
LSMK82MQK;4771,18;0,0;100,0;100,0;846,62;81,18
LSUN03GBQ;10,11;0,0;100,0;100,0;43,76;37,03
LTYN44KDO;61395,79;1,75;96,97;98,25;958,4;2,62
LUHW74HQL;22358,07;1,75;98,99;98,25;2352,45;15,1
LULZ04TCK;36478,91;20,07;96,97;79,93;1294,33;16,56
LVIE94LLN;7161,02;2,0;99,49;98,0;823,52;203,82
LXQH58ATM;21486,84;9,87;91,92;90,13;292,88;3,82
LYAF85GJO;12822,41;7,76;96,97;92,24;579,23;7,85
LYKH25DMM;165535,04;0,57;98,99;99,43;6034,76;8,33
LYVK73MWN;5927,91;0,0;100,0;100,0;470,15;32,26
LZYP73ZDE;6783,68;19,81;97,47;80,19;217,65;12,56
MAAY06FLG;86629,0;5,04;96,46;94,96;2160,24;6,09
MAHC72OET;13,93;0,0;100,0;100,0;214,0;70,27
MAYF53EST;260905,46;7,92;90,91;92,08;4708,64;2,23
MBRL60OFJ;3443,56;3,37;98,99;96,63;354,42;98,56
MBYU55EVN;57023,28;3,77;97,47;96,23;481,29;6,54
MCZW64IRZ;36120,96;6,07;96,97;93,93;275,03;5,91
MEJO06MVQ;7115,74;0,0;100,0;100,0;324,59;236,28
MEVM68SLX;17088,17;12,93;95,45;87,07;644,8;14,48
MFVK62VMT;582096,84;0,37;98,99;99,63;7748,61;9,79
MGKX79APY;133666,7;0,5;98,48;99,5;617,62;6,07
MHBO06YHH;53543,98;12,39;99,49;87,61;1150,7;25,66
MHLH51IJO;29242,73;2,16;98,48;97,84;1455,73;10,62
MIMJ13URY;43864,24;3,63;98,48;96,37;1256,21;7,72
MIOW11PHB;5238,98;0,0;100,0;100,0;1213,23;74,37
MIOZ07QEK;8372,04;0,0;100,0;100,0;505,71;40,38
MISB47RTN;4853,35;10,06;98,48;89,94;2069,19;24,98
MKDM97KXO;13291,46;4,59;98,99;95,41;428,61;16,16
MKEN94UKK;65207,85;0,24;99,49;99,76;1111,43;10,92
MKXI01ECP;33909,41;4,39;95,45;95,61;548,81;7,95
MKYB62KWD;6152,95;4,94;97,98;95,06;303,08;11,68
MLDY90UPK;7,69;0,0;100,0;100,0;2060,16;91,4
MLEA68ODH;59590,44;3,49;98,99;96,51;266,85;14,31
MLGU82ZFZ;35498,47;2,03;97,98;97,97;486,7;6,71
MMPI12KCY;52570,14;3,15;96,97;96,85;511,33;3,77
MNCQ75VZR;59423,7;6,33;94,95;93,67;769,38;6,02
MNFW77IYU;23386,17;20,34;95,96;79,66;528,65;15,05
MNRH05XPC;162497,3;6,33;95,96;93,67;865,29;4,65
MOAI77YMM;39133,46;4,53;98,48;95,47;777,49;9,0
MOGA21LTV;463135,92;9,32;95,96;90,68;19832,17;5,53
MOHW42CXR;112866,56;3,58;97,98;96,42;996,53;4,41
MOZC48RPA;51856,52;9,82;91,41;90,18;348,38;3,54
MPGM56CTS;6970,04;0,64;99,49;99,36;1114,48;23,49
MPMW69CPO;20601,45;1,65;97,98;98,35;546,74;11,5
MPYY59YYQ;87595,73;16,76;94,44;83,24;4313,89;5,8
MRBB37NUI;9762,98;0,98;99,49;99,02;829,19;40,14
MRMB80NKX;58679,3;7,82;97,47;92,18;594,41;10,26
MRNN94QXK;9835,8;5,31;97,47;94,69;517,49;12,61
MSBK28GYZ;9218,05;0,0;100,0;100,0;662,57;65,07
MSLK88FHT;32112,74;1,05;99,49;98,95;666,77;13,67
MSQY69JRS;32561,79;4,78;94,95;95,22;525,33;5,85
MTMV60ISB;112507,54;2,49;96,46;97,51;452,22;5,37
MTQU47IBB;32714,24;0,46;98,48;99,54;782,53;10,08
MUQB05WBT;142592,83;4,45;94,95;95,55;2050,59;3,19
MWHY10BHE;2060,09;0,0;100,0;100,0;598,18;282,0
MWKH94BHD;29044,96;1,11;97,98;98,89;479,57;13,99
MWTY70MDV;116019,7;5,24;92,42;94,76;825,35;3,59
MWVQ22ECM;37084,46;0,0;100,0;100,0;3470,2;33,93
MWYD62PDJ;12078,33;12,1;93,43;87,9;61,07;5,76
MXMM62OKY;22476,06;1,49;99,49;98,51;560,02;15,85
MXXW83CJH;317412,22;6,73;96,46;93,27;749,07;4,79
MYDL83HLP;60903,37;0,77;99,49;99,23;306,54;23,43
MYWA59SUE;18826,4;3,9;95,96;96,1;296,04;5,29
NARO61RJA;1341,68;5,41;98,99;94,59;58,22;25,96
NBCZ41AGI;464816,3;3,43;95,45;96,57;12660,58;3,84
NBUV33LMI;41954,3;3,04;97,98;96,96;1135,99;8,05
NCJS06QHU;481986,97;0,0;100,0;100,0;14818,37;4,76
NCLE79UWG;49233,3;4,66;97,47;95,34;1252,79;8,19
NDIF14AEF;31132,46;1,9;98,48;98,1;661,34;13,16
NDPV02QDG;6460,06;27,11;97,98;72,89;307,62;16,78
NEIE61DEC;79169,83;2,27;97,98;97,73;672,19;5,81
NEOY93OUG;12383,82;1,24;98,99;98,76;284,42;13,42
NFFX69OGX;13798,14;10,31;95,96;89,69;102,36;4,99
NFMC41YMF;2655,19;0,59;99,49;99,41;231,03;33,64
NGCY45VZD;66105,77;1,29;99,49;98,71;487,75;12,45
NGDG05BJP;29360,6;1,82;98,48;98,18;415,3;5,41
NHHB37KVY;342176,33;2,77;96,46;97,23;14272,05;5,17
NHRU35IVR;84104,82;2,0;98,48;98,0;1070,28;7,94
NHUG86SLH;2315,16;0,0;100,0;100,0;474,7;108,78
NIHH69ZUD;182,5;100,0;99,49;0,0;225,94;186,4
NIKK25LMM;89652,01;4,77;96,46;95,23;373,3;5,37
NITU51JKU;43628,44;3,46;95,96;96,54;2277,25;9,94
NJRC95VRS;38489,55;2,71;96,97;97,29;453,24;5,63
NKER28VYI;5188,37;0,39;99,49;99,61;84,33;16,09
NKFF82VWO;9022,45;0,74;98,48;99,26;281,44;8,28
NKPY49FBU;23631,37;0,0;100,0;100,0;3602,27;152,4
NKTT36EWT;66264,22;0,0;100,0;100,0;2594,04;5,74
NKVG41SOL;124,47;0,0;100,0;100,0;17906,48;567,1
NLGF42EAP;28876,49;1,92;99,49;98,08;289,44;9,15
NLJX03TOS;5412,64;2,33;99,49;97,67;879,27;337,4
NLNH69GOS;24613,93;0,04;99,49;99,96;564,45;14,47
NLPZ29UNR;33023,06;0,99;97,98;99,01;659,69;4,34
NMBK49AWK;12795,53;0,0;100,0;100,0;293,01;13,38
NMIJ45NVB;119736,61;3,88;94,44;96,12;1260,81;2,17
NMTQ54VSX;862,1;0,0;100,0;100,0;113,84;152,3
NMUJ11GLO;568329,93;5,73;92,93;94,27;441,79;1,83
NNFA52OGB;18526,27;3,64;97,98;96,36;732,46;28,66
NNSZ64KZL;86151,81;12,42;95,45;87,58;1262,39;6,54
NNZC05SSP;94180,83;0,74;98,99;99,26;1575,35;6,78
NPTA45ZLH;336908,32;4,26;95,96;95,74;690,07;4,26
NPZK34EXO;11798,34;14,37;96,97;85,63;1000,87;22,82
NQIU74UNR;27,01;0,0;100,0;100,0;1360,27;157,51
NQWD58ZEO;150069,35;1,76;98,48;98,24;550,43;4,53
NRJJ85SMA;7398,32;0,0;100,0;100,0;460,36;51,32
NRTS61JMS;3123749,73;4,68;96,46;95,32;22589,74;10,25
NSAI04LSN;65824,62;2,86;97,98;97,14;710,38;7,19
NSEV58UMV;48909,59;3,17;94,44;96,83;812,1;3,56
NSJX60UWP;4211,0;0,0;100,0;100,0;1041,19;589,01
NSOJ07IHM;87594,05;1,32;98,48;98,68;594,06;5,4
NSSK99QQC;6710,99;1,54;99,49;98,46;715,88;136,29
NSVJ69ESC;82596,06;1,61;98,99;98,39;493,47;4,51
NSVQ56AZP;4711,73;0,0;100,0;100,0;571,29;64,27
NVCV98FME;49059,58;26,61;94,44;73,39;489,77;4,87
NVXN46JYS;219900,41;2,63;96,97;97,37;3071,06;10,04
NWWH86HLY;143556,66;5,04;93,94;94,96;1090,62;3,72
NXZZ07FXR;70052,64;6,25;96,46;93,75;623,74;4,11
NYBT56WPU;18142,05;0,41;98,99;99,59;556,59;16,61
NYDJ17UUS;9995,46;0,45;99,49;99,55;640,61;47,19
NYSA66KDE;166645,66;15,49;97,47;84,51;446,7;8,46
NZHF31NTS;897,07;0,0;100,0;100,0;282,26;5588,8
OAWY81YIY;27036,98;8,34;95,96;91,66;228,24;8,3
OBVA40KRF;9,02;0,0;100,0;100,0;262,22;112,87
OCRR18LTC;158018,67;2,41;97,98;97,59;1227,78;4,59
ODFO56LOB;28,55;0,0;100,0;100,0;571,64;166,45
ODVZ52SIC;4599,49;0,5;99,49;99,5;160,42;26,6
OEDA87HTT;7083,88;3,88;97,47;96,12;228,22;17,89
OEGN51RLI;77092,34;0,09;99,49;99,91;2134,81;12,63
OELH53NFL;53014,43;0,38;99,49;99,62;344,03;10,69
OESV30XOR;37065,04;0,0;100,0;100,0;1604,73;18,75
OEUK21CZR;1747,93;15,16;97,47;84,84;71,41;7,63
OFEE62JBT;3696,56;0,0;100,0;100,0;533,38;211,22
OGDL64ICT;745,6;1,26;99,49;98,74;651,55;54,16
OHED19NYE;241404,33;3,43;96,46;96,57;1537,8;4,36
OHNH79XLK;21629,96;4,17;99,49;95,83;380,42;261,54
OISN26GXK;18,09;0,0;100,0;100,0;184,97;138,73
OJHC28XPG;44276,74;2,43;98,48;97,57;676,94;16,7
OJWH24BBU;26425,41;2,57;97,47;97,43;2918,45;17,41
OJZW75KMC;20085,43;1,94;98,99;98,06;362,06;7,47
OKLU34CEX;9624,02;0,0;100,0;100,0;851,89;64,26
OKQN07CAC;21155,81;3,57;98,48;96,43;467,79;26,21
OLEW18RSM;77411,97;2,46;98,99;97,54;1221,45;11,12
OLMS34VEG;34765,59;3,14;97,98;96,86;494,03;8,68
OMHX03GZF;71907,19;2,51;98,99;97,49;886,11;10,11
ONTU47FXX;14516,39;4,16;97,98;95,84;389,04;17,79
OPJD12KCE;43467,29;1,28;97,98;98,72;699,72;11,37
OPPB50QWT;111104,05;7,25;96,46;92,75;1324,63;7,37
ORBJ39SFE;86198,77;1,26;97,98;98,74;996,59;9,58
OSFN08WSO;10116,59;1,53;98,99;98,47;186,48;20,9
OSHR27ZTV;77133,28;12,32;87,37;87,68;426,38;2,45
OSJO75AUG;89628,47;0,18;99,49;99,82;2218,81;7,3
OTEQ39EOJ;24724,43;0,0;100,0;100,0;1160,39;12,92
OTUA56BXX;29,98;0,0;100,0;100,0;2648,97;144,73
OUBF41YMR;19695,15;8,18;97,98;91,82;529,49;9,75
OVJQ36TNG;21023,09;4,65;98,48;95,35;250,08;17,07
OWJX28OTG;5372,5;3,84;98,48;96,16;102,69;11,47
OXEL15MCN;4541,75;1,37;98,99;98,63;179,82;20,37
OYTS04JYU;7140,26;0,0;100,0;100,0;744,24;62,55
OZGL58WPA;26979,32;1,6;98,99;98,4;2210,76;17,98
OZYM77AZU;32690,85;3,28;99,49;96,72;2629,39;12,48
PBWK76OIS;197955,3;1,09;98,48;98,91;1910,09;3,97
PCFE38WUG;197621,83;6,44;97,98;93,56;2092,93;6,95
PFGZ81LVL;64976,51;2,01;98,48;97,99;1482,35;5,84
PFJO30EEZ;67155,36;2,29;98,48;97,71;842,26;7,18
PFNY82FSY;2119,53;1,53;99,49;98,47;587,36;74,26
PFYW41KAU;12,32;0,0;100,0;100,0;249,8;142,13
PGRO19BGC;42301,49;0,0;100,0;100,0;512,68;16,27
PHAE44MFM;21668,43;0,2;99,49;99,8;625,98;16,74
PHBG16EOE;22457,06;10,48;97,98;89,52;2164,0;24,0
PHFU23MFN;56835,29;4,74;97,98;95,26;2154,5;7,22
PHFZ53NDI;32393,32;1,05;97,98;98,95;1019,42;8,19
PHGP07AIQ;199716,07;3,38;97,47;96,62;1467,02;4,53
PICV67AWX;11659,0;0,0;100,0;100,0;1644,29;39,27
PITW12VHT;111195,02;9,99;94,44;90,01;646,91;4,8
PIWA88MZG;108322,97;1,81;97,47;98,19;1252,57;3,96
PKEU98LWC;282377,78;7,43;96,97;92,57;2430,12;4,94
PKKZ70YGN;34305,24;4,96;96,97;95,04;815,19;5,37
PLDL23FSN;34324,44;8,3;98,48;91,7;562,53;11,75
PLIB78VDF;148588,16;2,36;98,99;97,64;650,1;4,19
PLPD73VVL;3670,57;2,58;98,48;97,42;486,52;49,65
PLRK54FAW;4899,43;0,07;99,49;99,93;409,75;30,31
PLSL66AFW;6387,87;0,0;100,0;100,0;1646,77;159,83
PLST62KKK;5188,3;26,19;98,99;73,81;202,12;59,55
PLWC05CAU;78062,78;0,19;99,49;99,81;268,45;17,17
PMGO30PTM;166951,6;7,86;94,44;92,14;634,96;3,34
PMON32JXM;61275,8;1,59;98,48;98,41;729,96;12,75
PNKG18VPQ;18331,2;0,1;98,99;99,9;251,25;7,37
PNUZ83MJA;63502,56;3,75;96,97;96,25;257,8;3,78
POAN18DMY;112328,2;7,32;90,91;92,68;836,92;2,78
POEP14MFF;4638,87;0,58;99,49;99,42;227,93;26,39
PPCF38GNY;16827,58;3,7;97,47;96,3;567,48;11,87
PPDD34VJC;63957,26;4,13;94,95;95,87;662,57;4,95
PQDQ00TEB;887,72;35,49;97,47;64,51;99,81;20,93
PQLA64XZE;50261,33;6,22;94,95;93,78;735,96;4,06
PQQM50KOX;26503,22;17,06;94,95;82,94;648,65;5,93
PQZT34LLH;5123,16;3,59;99,49;96,41;433,51;54,99
PRBI09OKT;47857,72;5,93;97,98;94,07;740,75;8,59
PSIY99BMN;44903,37;1,68;99,49;98,32;238,53;16,54
PSOV29XVY;46702,09;9,19;98,99;90,81;987,13;8,74
PTEI12CTX;353502,86;0,0;100,0;100,0;9280,3;8,57
PTFI33KHS;9857,31;7,49;98,48;92,51;339,28;26,9
PTFM53ANG;40298,84;7,89;98,99;92,11;526,67;11,82
PWAS94WWG;122750,31;12,11;94,95;87,89;2072,04;8,42
PWMB67VQZ;213181,18;2,49;95,96;97,51;442,19;2,21
PWTR98HXV;5092,57;0,0;100,0;100,0;396,36;62,88
PXAU54ENA;264645,82;5,88;98,48;94,12;10256,83;5,89
PYOM85JTL;40586,01;4,32;98,99;95,68;984,49;6,62
PYQH69NNQ;152416,56;7,7;97,47;92,3;613,41;4,99
PYQN27NUC;58167,28;5,45;97,47;94,55;605,45;9,43
PYWQ64UBD;248,36;7,61;99,49;92,39;67,45;145,16
PYYC89TAM;936,11;0,0;100,0;100,0;278,12;90,57
PZDY46SHA;3,98;0,0;100,0;100,0;84,36;99,43
PZII81LBV;17766,28;0,0;100,0;100,0;687,02;29,29
PZUX42PGO;44043,04;1,79;98,48;98,21;772,47;8,07
QAJK29OLX;268221,76;0,0;100,0;100,0;3840,3;10,66
QAJS91OHX;166050,28;0,9;99,49;99,1;5295,15;7,86
QAYE06JJN;76721,25;2,09;98,48;97,91;701,87;5,15
QBHV23BFP;16401,58;0,0;100,0;100,0;560,53;16,6
QBRS61BFF;28250,93;0,0;100,0;100,0;717,34;26,37
QBTT91ZHA;64526,33;42,26;96,46;57,74;954,32;6,23
QCVO76KFL;29785,44;9,73;97,47;90,27;223,79;9,48
QDQA42RMJ;7581,61;0,0;100,0;100,0;77,53;38,86
QFBK33EBW;9316,39;5,84;98,48;94,16;338,18;17,37
QHGJ45TQJ;13285,72;1,23;99,49;98,77;562,38;34,33
QIZH02CFJ;3765,44;22,34;99,49;77,66;805,15;141,33
QJNY67PSH;33123,64;1,44;98,99;98,56;2968,64;23,44
QKYC71LXL;17294,38;5,59;99,49;94,41;711,76;54,71
QMFO05EAV;32129,02;12,78;93,94;87,22;362,15;6,09
QMJH05DXH;75103,15;4,88;97,98;95,12;745,68;6,16
QNHR09IRJ;2681,73;1,75;99,49;98,25;651,09;376,95
QNIS08ATI;39359,51;0,0;100,0;100,0;706,06;13,16
QNVW66ZZO;4073,08;0,0;100,0;100,0;483,85;127,23
QNZY95LQR;9801,46;0,0;100,0;100,0;1656,95;70,1
QOCE07MJY;150135,4;2,65;95,96;97,35;1285,31;2,47
QPEP34AUY;28737,42;1,19;98,48;98,81;2829,27;13,25
QPHB74DRB;35818,2;0,06;99,49;99,94;712,14;14,54
QPKZ26QKR;293368,34;12,75;95,96;87,25;1372,49;4,71
QPOO47NWY;96952,48;9,56;91,92;90,44;643,7;4,59
QRKI37UKH;20115,82;0,22;99,49;99,78;628,94;9,21
QSAR41GKP;9116,32;0,0;100,0;100,0;871,88;54,08
QSFI73EHC;9,03;0,0;100,0;100,0;2431,78;86,17
QSFM55YRX;68007,14;2,08;98,48;97,92;963,66;6,76
QSOF73TBC;3970,41;0,0;100,0;100,0;883,43;728,83
QSYH24CQB;9315,66;1,76;99,49;98,24;318,08;18,52
QTQQ18STC;19980,37;8,77;97,98;91,23;441,92;20,73
QTVP34KGG;69833,11;8,61;95,45;91,39;944,52;5,36
QUFK62CBN;4908,43;2,61;99,49;97,39;690,63;99,09
QURP24BCZ;4214,31;0,0;100,0;100,0;279,73;40,31
QUYF81ZTD;12943,73;4,76;97,98;95,24;526,52;14,47
QVEN95FQS;70531,67;0,4;98,99;99,6;977,01;11,39
QVET18CQH;8799,84;6,86;97,47;93,14;248,01;8,02
QVIC18WQB;349014,87;6,02;94,95;93,98;838,53;5,49
QVKL14FRX;22512,14;0,43;99,49;99,57;773,7;10,89
QVVF88YKC;6935,91;1,84;98,99;98,16;203,68;18,53
QWEV20OGI;0,05;0,0;100,0;100,0;12,63;16,67
QWMH94MOS;8469,8;0,78;99,49;99,22;965,29;53,54
QWMU99ZJU;51636,29;0,53;98,99;99,47;1883,39;7,76
QXDM72XDH;135831,74;4,5;94,95;95,5;1039,92;4,02
QXLI12HEF;3956,77;1,95;98,99;98,05;303,57;26,08
QXNY62CAT;9672,86;14,49;96,46;85,51;2133,84;8,84
QZRC62ZAR;1678,92;11,79;97,47;88,21;72,15;9,16
RBQF01BID;5,8;0,0;100,0;100,0;1,92;63,33
RBZM41MRT;88902,99;2,22;97,98;97,78;632,28;7,01
RCQV17PQZ;186031,07;3,23;97,47;96,77;725,49;6,86
RCVZ50CQS;16869,2;2,53;99,49;97,47;989,09;27,83
RDDC35ZPD;7923,93;1,36;99,49;98,64;2527,88;68,19
RDSE90QON;131305,1;5,58;93,43;94,42;927,38;2,48
REBD40JGD;344277,78;5,09;94,95;94,91;16783,08;2,94
RFHD44BLL;2100,46;0,0;100,0;100,0;1344,64;522,04
RFIU95FKX;5223,75;0,0;100,0;100,0;280,91;140,45
RFKT10XUU;24313,99;0,0;100,0;100,0;897,94;29,81
RFNP40JMM;23548,41;2,01;97,47;97,99;471,06;4,7
RFRN99JDV;21314,72;2,41;98,99;97,59;256,28;9,27
RFRW91JQI;4925,45;7,58;95,96;92,42;257,22;13,5
RFWB96ZBO;78432,41;5,34;95,45;94,66;552,03;5,16
RFYV28LSE;152181,06;10,41;93,94;89,59;521,52;1,89
RHKP67BIT;16311,27;2,98;98,48;97,02;513,96;15,01
RHPC77DDZ;31181,55;2,0;97,98;98,0;467,98;6,0
RHPH31ZAW;37920,81;2,02;96,97;97,98;725,23;4,3
RLTT30QZQ;132585,09;3,98;96,97;96,02;951,36;5,95
RMEO10IDD;31836,95;6,31;98,99;93,69;860,56;16,46
RMRT61OGN;27004,93;1,21;98,99;98,79;869,04;20,17
RNLT07BZT;195240,97;3,36;96,97;96,64;6471,41;3,72
RNPD00TJP;37929,56;18,26;93,43;81,74;3009,02;5,37
RNYZ69VWX;70,62;0,0;100,0;100,0;61,32;275,93
ROEA65EKL;76428,25;2,7;96,97;97,3;917,87;3,68
ROSZ84SVQ;15538,15;0,87;98,99;99,13;3240,67;66,26
RPHN38GZM;9982,43;1,17;98,99;98,83;248,52;12,04
RPXH65UOY;128865,48;2,04;97,98;97,96;814,93;4,1
RRDX20HSX;46125,63;0,64;98,99;99,36;819,49;7,1
RRLE81TIJ;19906,61;0,0;100,0;100,0;10094,32;125,7
RSKP89VRV;12934,91;0,0;100,0;100,0;604,51;33,58
RTCK77LJY;270058,32;9,51;90,91;90,49;5548,01;4,12
RTGZ03PJZ;34165,7;0,74;98,48;99,26;711,06;4,98
RTKR55RVC;12400,21;14,1;94,44;85,9;64,07;5,88
RTNB80BXR;4405,94;16,17;99,49;83,83;288,76;37,74
RUSY71UCC;129529,81;40,27;92,42;59,73;2207,18;6,27
RVGI69QBH;3792,9;1,86;99,49;98,14;681,33;92,72
RWMR86BVE;824720,78;13,59;76,77;86,41;29455,47;1,51
RXGJ59LBU;85410,81;6,15;93,43;93,85;162,58;2,73
RYFU49ZQL;36541,19;7,1;95,96;92,9;696,45;3,86
RYMM02JSD;172859,47;2,07;97,98;97,93;865,81;2,13
RYWP59HRF;16588,38;2,79;98,48;97,21;344,4;18,29
SATU94FJU;19409,19;19,05;98,48;80,95;3452,36;84,77
SBYE42KWB;4092,03;0,95;99,49;99,05;327,82;30,84
SCEC37IHC;26106,59;12,37;93,43;87,63;600,0;6,49
SDXR03CJM;42601,11;16,43;94,95;83,57;2231,36;11,6
SFNF33VEA;54163,62;4,18;94,44;95,82;273,3;4,4
SFTY06EHX;150618,95;1,02;98,48;98,98;385,74;4,23
SFVG67HOA;108586,23;0,74;98,99;99,26;795,82;5,15
SFZF48FFF;8526,63;2,45;98,99;97,55;714,04;39,36
SGPW86DNX;9710,79;0,34;99,49;99,66;385,05;13,14
SGZY18LHD;89603,04;8,1;98,99;91,9;762,79;21,73
SHNA76NKD;120674,61;3,83;97,98;96,17;3792,58;25,23
SHZF73GEU;58975,68;11,71;96,46;88,29;336,75;6,03
SITQ34BIU;5362,28;5,34;94,95;94,66;196,46;11,17
SIWE54BWL;72652,2;0,15;99,49;99,85;1428,24;4,49
SIXB85VXI;136775,05;3,05;97,98;96,95;1140,81;4,4
SJEO87YLD;35724,05;1,5;98,48;98,5;531,91;5,63
SJIR38UOQ;80625,63;0,59;98,99;99,41;1004,39;10,85
SJWY69YWU;45129,94;3,53;98,48;96,47;428,88;7,68
SJZB75URG;1,47;0,0;100,0;100,0;14,53;6,31
SKCG11ZFH;71002,76;4,42;96,97;95,58;585,31;7,27
SKGP93UFT;90494,44;0,1;99,49;99,9;198,86;6,57
SLDR26WLL;300164,6;8,23;94,95;91,77;11787,3;4,33
SLKH72NWZ;107112,26;0,0;100,0;100,0;2172,41;9,52
SLUJ39XEO;107955,5;7,68;95,96;92,32;915,89;5,53
SMUE50WJP;6639,82;0,0;100,0;100,0;393,79;118,14
SMUP91GOP;2916,58;3,76;99,49;96,24;386,06;59,81
SNUJ77GRX;9801,47;3,09;98,99;96,91;157,64;18,88
SPHY20VZB;118858,52;0,72;98,99;99,28;3320,11;4,33
SPTI10MOZ;95962,32;2,46;96,97;97,54;1315,3;6,06
SQNX07KFL;20595,46;0,11;99,49;99,89;263,14;18,94
SRKU40UIY;96587,05;3,75;96,46;96,25;301,78;4,8
SRVK02SRB;848,15;0,0;100,0;100,0;20,13;13,84
SSBI86AKQ;53168,7;3,69;98,48;96,31;721,15;9,5
SSFS75DVD;32388,43;9,1;97,98;90,9;573,79;10,91
STWE89ZSK;11331,96;0,65;99,49;99,35;135,0;11,53
SUFW78HDG;354496,12;0,26;99,49;99,74;8481,21;8,15
SUMF86LVN;172,17;44,79;99,49;55,21;47,54;98,04
SUNE99ICB;7539,64;4,24;98,48;95,76;720,25;50,39
SUVU33MZB;127392,79;1,61;98,48;98,39;1205,96;5,11
SUVU36RJS;15041,97;3,86;97,98;96,14;268,67;9,01
SUWS30NNW;43437,61;7,59;98,48;92,41;258,3;10,52
SVBA60QWO;4335,98;0,26;99,49;99,74;699,68;89,49
SVIU22BOP;10648,01;1,11;99,49;98,89;209,49;46,09
SWDT98SLX;1518,72;5,6;98,99;94,4;383,52;50,62
SWMC79DDX;22146,63;8,73;96,46;91,27;667,2;13,94
SWRJ43PWC;115471,64;3,75;97,47;96,25;298,06;7,03
SXDU70KPB;27480,29;10,01;97,98;89,99;544,77;6,61
SXGY87DCN;2642,21;0,0;100,0;100,0;194,3;12,61
SXKC37WVO;21364,78;3,11;96,97;96,89;885,75;11,47
SYGV77BZR;4370,96;0,0;100,0;100,0;826,51;109,68
SYJJ43YJY;179371,11;0,18;98,99;99,82;1936,29;4,93
SYYY06RBS;4212,64;3,94;98,48;96,06;221,12;26,15
SZYM37OEA;86886,67;0,68;98,48;99,32;859,95;5,68
TAFI57PNS;45138,63;1,78;96,97;98,22;1190,65;4,72
TBRP94APL;3975,14;0,17;99,49;99,83;250,51;10,53
TBUC93IQV;21258,95;0,1;99,49;99,9;223,35;11,55
TBUT34GHQ;40918,42;15,52;97,98;84,48;13674,81;62,88
TCAT17SBM;129523,36;0,0;100,0;100,0;5840,18;9,26
TCCQ61EFF;757,79;0,0;100,0;100,0;204,8;82,76
TCMP09HLF;123939,33;5,07;93,94;94,93;904,51;4,08
TCYS21XMB;69481,54;14,83;89,9;85,17;478,38;3,32
TDDJ49HOQ;1374105,5;3,82;96,46;96,18;70103,34;4,54
TDID38XBP;105353,37;16,29;91,41;83,71;1297,18;2,91
TDRF57ZZV;71937,39;1,95;98,99;98,05;758,96;5,38
TDUD88VNN;2698,93;19,62;94,95;80,38;17,7;6,09
TEPO39YNM;32810,63;3,57;96,46;96,43;396,46;7,37
TETH66TIA;2916,43;9,52;98,99;90,48;540,2;63,67
TFLS53NVL;98890,92;9,2;95,45;90,8;1408,9;5,26
TGBX26ADI;3277,16;0,0;100,0;100,0;1279,8;79,69
TGPM78EZN;13219,03;0,0;100,0;100,0;693,97;32,6
TGTG47WSP;24286,5;4,01;95,45;95,99;300,43;7,55
TGXK53CJL;30230,57;0,0;100,0;100,0;397,85;118,28
THBX09CMD;1923,64;1,17;99,49;98,83;211,21;61,32
THGT75MGJ;4227,33;0,0;100,0;100,0;1742,67;69,79
TJYT91QAT;195295,79;2,96;96,97;97,04;1249,65;7,97
TKCD29VJP;26562,71;4,56;99,49;95,44;538,91;14,48
TKIS03YUJ;28520,11;7,69;93,94;92,31;469,0;5,78
TLTH99XSQ;101962,61;3,13;97,47;96,87;664,36;7,14
TLXX56RHV;13291,45;4,12;99,49;95,88;676,38;81,07
TMKB60FXY;49277,75;0,89;98,48;99,11;1288,64;5,68
TNWM98EUF;7256,48;0,33;99,49;99,67;777,07;126,95
TOAD80FMN;10104,49;1,48;98,99;98,52;390,49;9,14
TOMI82OSP;14750,43;0,0;100,0;100,0;866,39;39,93
TPDD98FBK;10026,84;28,38;88,89;71,62;131,32;5,18
TPPP81QTS;82370,82;0,25;99,49;99,75;897,45;7,54
TPRX29BZA;121993,33;1,28;97,98;98,72;1059,98;4,94
TPYY95JQZ;80908,59;5,0;94,44;95,0;596,18;2,91
TPZF75VDN;42276,68;1,91;98,99;98,09;1586,72;16,64
TQBL17UUZ;5717,32;0,76;99,49;99,24;2738,91;114,99
TQLU60KDN;34936,66;0,97;98,99;99,03;1106,04;6,0
TQOX21ZKN;146697,6;2,28;97,47;97,72;1366,67;4,48
TRKK07TKT;125587,39;3,25;97,98;96,75;3082,06;5,73
TTAY57NAO;56910,48;1,1;99,49;98,9;1025,44;6,7
TTCM99IHU;61058,09;5,3;96,97;94,7;905,0;11,26
TTWC67PAM;6633,77;0,44;99,49;99,56;855,82;125,52
TUAA01OUK;27465,78;1,2;98,99;98,8;969,62;23,95
TULN35NJM;1392,45;0,0;100,0;100,0;460,68;90,58
TUXU97NFG;67021,67;4,94;96,97;95,06;852,86;6,29
TVJY51MSQ;231649,77;2,5;97,98;97,5;3996,21;12,2
TVTQ73RFS;47110,29;5,46;97,98;94,54;408,67;5,87
TVUP26XLW;5118,36;16,63;97,47;83,37;224,82;18,18
TWDP65AIX;7734,69;0,82;99,49;99,18;906,18;36,59
TWRF20YGC;14435,72;0,0;100,0;100,0;637,17;45,12
TWRY85LFJ;13001,9;16,41;98,99;83,59;2457,64;41,85
TXIB59UAE;39586,87;0,21;99,49;99,79;921,03;4,29
TXTS73MAU;170904,84;2,6;97,47;97,4;520,59;3,58
TYHY95VHF;3148,62;0,0;100,0;100,0;498,55;83,09
TYWY16DEO;499269,97;1,59;97,98;98,41;15270,34;6,8
TZTR28FEY;5852,53;0,52;98,99;99,48;562,32;34,08
TZUP73BTI;241853,72;7,95;96,97;92,05;808,08;6,21
UAGX12RJV;88864,29;2,96;96,97;97,04;921,52;8,63
UDHX89MHN;86969,79;0,0;100,0;100,0;982,77;7,45
UEEZ93SMW;6235,0;16,49;99,49;83,51;199,11;47,1
UESX36GHC;57465,3;6,76;92,42;93,24;335,31;3,24
UGQR96OVL;108001,81;1,71;98,48;98,29;1236,14;3,52
UHAT15XQT;105159,81;0,53;99,49;99,47;1075,4;5,89
UIOZ53QBD;66118,64;3,3;97,98;96,7;673,68;9,1
UKKS91HVP;3993,35;0,0;100,0;100,0;471,27;105,08
UKNV37ULA;21826,12;25,23;91,92;74,77;196,01;3,98
ULMN48IAA;61808,14;11,02;94,44;88,98;336,42;7,2
ULUG71AAX;37417,6;10,4;95,45;89,6;927,46;6,03
UMGM77DWG;20508,78;0,91;98,99;99,09;908,74;6,83
UMMI66YVH;611,88;18,33;97,47;81,67;6,62;5,46
UOGR54AJJ;82040,69;3,92;94,95;96,08;1591,45;2,48
UOIW32FZD;39381,01;0,38;99,49;99,62;786,05;16,37
UORD98SGJ;3499,55;3,12;98,99;96,88;230,91;79,38
UPAY35SQS;61905,24;3,66;96,97;96,34;508,24;3,28
UPPY33BBQ;10204,91;1,29;99,49;98,71;977,17;55,68
UPPY88MFL;115544,75;14,22;85,35;85,78;742,62;2,25
UPWF73OTK;16244,7;9,23;98,48;90,77;411,72;19,19
UPXJ58SPR;1093076,79;1,33;95,96;98,67;22050,67;4,46
URKT52PJR;8948,53;0,63;99,49;99,37;442,11;45,88
USHX06KKA;32017,66;0,94;98,99;99,06;286,85;6,88
UTNA37DNE;29356,34;12,98;95,45;87,02;867,35;6,54
UUMC36RRN;218192,92;3,49;96,97;96,51;1747,5;3,97
UVAB60CVK;52657,84;4,35;97,98;95,65;818,41;10,82
UVKF24HZF;12804,54;5,72;94,44;94,28;749,11;8,63
UVKQ34ZZT;164020,51;5,3;96,46;94,7;1991,26;4,59
UWKY91JYO;46967,64;4,45;98,99;95,55;2624,91;14,28
UWOH01FWF;44085,68;7,07;97,47;92,93;846,59;11,96
UWPN18IQT;7250,64;0,0;100,0;100,0;963,58;201,25
UXKW21WFB;129558,02;6,38;95,45;93,62;1104,4;3,6
UZPU09HXC;22103,0;0,0;100,0;100,0;821,52;38,73
UZZD93BCK;133623,45;10,05;93,43;89,95;654,37;3,24
VAEF20KVP;60570,35;0,18;99,49;99,82;690,1;5,52
VAJM98BAR;142087,55;4,98;96,97;95,02;1482,07;4,56
VAOC41LXO;8204,92;0,0;100,0;100,0;338,11;9,37
VBQC01EWD;31723,12;2,98;98,99;97,02;246,24;11,0
VCAO88HDJ;5536,48;4,23;98,99;95,77;645,52;59,48
VCKQ12PEJ;1986532,41;2,75;93,94;97,25;23620,3;2,76
VCPQ11DNR;1204189,79;16,18;79,29;83,82;55062,66;1,67
VCTZ45TLC;65404,58;1,73;97,47;98,27;700,32;5,66
VDGZ74BQO;8361,12;2,5;97,98;97,5;635,35;12,58
VDPF77AET;19658,58;5,22;98,99;94,78;285,86;45,46
VDPQ65JML;32656,58;7,28;97,98;92,72;2513,41;14,65
VEQW28XFQ;117003,18;2,78;95,96;97,22;1239,53;2,43
VEZU16UAO;254728,24;20,5;72,22;79,5;666,14;1,22
VFIH43FUI;20919,75;2,33;98,99;97,67;420,21;15,41
VFVS31SRI;30869,46;0,0;100,0;100,0;552,18;26,68
VFXE99TCX;55430,06;12,68;94,44;87,32;723,47;8,8
VGUO76EGN;3217,37;5,63;98,99;94,37;229,72;49,23
VGZQ62MFR;38487,19;5,04;95,45;94,96;679,86;6,98
VHNG92NPQ;12027,22;3,89;98,48;96,11;356,48;20,34
VHRD63MRQ;309698,13;8,82;94,95;91,18;8447,97;3,8
VJFY24YVG;13139,4;0,66;99,49;99,34;396,38;64,97
VJXA46YJV;195517,14;2,88;98,48;97,12;3686,19;10,09
VJYA77ZKL;38293,9;1,19;99,49;98,81;1040,58;16,3
VKKA83MYR;59975,96;0,72;98,99;99,28;889,98;6,01
VKMT02NLP;11367,68;37,04;98,99;62,96;213,44;21,74
VKPR75SMT;16813,98;0,0;100,0;100,0;456,11;15,49
VLIZ23PWT;19338,47;1,32;98,99;98,68;475,23;16,51
VMHG33HXP;9609,92;3,6;96,97;96,4;91,85;7,79
VMLY44FVA;8787,37;0,0;100,0;100,0;593,82;55,83
VMQQ77ZOV;17798,67;3,33;97,98;96,67;288,42;6,34
VMXT58OKC;51371,19;5,15;98,99;94,85;1881,14;8,17
VNCX04AYB;56841,04;5,53;95,96;94,47;2508,51;13,31
VNDD37YKZ;97894,36;5,21;97,47;94,79;4051,26;6,65
VNER88KYI;565658,57;3,5;97,98;96,5;36189,02;6,43
VNMF29GQJ;278479,53;13,05;93,94;86,95;1346,2;3,3
VNVO27LXT;18010,08;0,41;99,49;99,59;743,35;30,33
VPOL68LNP;125568,19;9,18;96,46;90,82;1189,4;5,16
VQJA05QTF;20847,41;2,49;99,49;97,51;564,0;25,8
VRLE03HDN;20590,8;1,97;96,97;98,03;361,09;10,21
VRPX18MSY;51255,83;1,63;98,99;98,37;789,14;9,7
VSGT86SPB;34513,23;1,1;99,49;98,9;469,82;14,25
VSYL05XGX;1059,8;50,0;99,49;50,0;343,7;945,17
VTMM90FNA;0,2;0,0;100,0;100,0;15,42;33,93
VVPF83DQE;9242,61;2,22;98,99;97,78;312,15;20,81
VVTH52ENP;2925,42;0,0;100,0;100,0;950,41;95,33
VWBX47QRS;86709,67;0,86;99,49;99,14;1080,04;5,64
VWLU97PHY;18613,84;7,83;96,97;92,17;297,6;14,6
VXHH54HHZ;23385,28;3,93;97,98;96,07;246,64;8,31
VXVN17OEW;137,85;0,0;100,0;100,0;1722,18;100,77
VXYV20MFP;110949,53;2,57;95,96;97,43;237,74;3,5
VZXK37PGT;12685,88;30,04;94,44;69,96;250,25;6,51
WAMC06ZZR;32564,18;0,06;99,49;99,94;529,9;11,76
WAON76OCZ;10486,97;0,0;100,0;100,0;618,55;28,09
WCCG39SGJ;16598,06;4,51;98,99;95,49;604,17;22,46
WCNM16COQ;26737,07;0,94;98,48;99,06;853,99;9,42
WEGX88XCD;498882,1;1,82;91,41;98,18;6881,72;2,74
WEMQ64JZW;257179,86;8,1;97,47;91,9;8386,33;4,82
WEQO35JQF;36221,19;0,0;100,0;100,0;1082,64;12,82
WERK56LLN;15341,9;3,66;97,47;96,34;436,68;18,59
WFBB66HWF;51915,99;4,04;99,49;95,96;360,36;14,12
WFEJ46DYX;9344,41;1,25;99,49;98,75;1919,03;37,11
WFTG45HGB;100542,68;7,48;97,47;92,52;814,94;9,53
WGBN92WST;102414,99;2,76;97,47;97,24;684,52;5,49
WGEI02BFP;116562,16;2,36;97,98;97,64;728,91;5,95
WHBL52SNT;21646,34;0,0;100,0;100,0;468,64;15,67
WHFO98CBT;76200,23;1,0;98,48;99,0;510,28;6,34
WHKB94GJB;22897,59;0,5;99,49;99,5;418,07;9,49
WIZO10EPL;136956,67;2,59;97,47;97,41;1006,72;4,85
WJLI31DHL;19960,09;0,1;99,49;99,9;677,21;33,09
WJNJ41QMC;45462,59;0,0;100,0;100,0;2468,0;13,33
WJNT51AMA;76409,43;1,77;97,98;98,23;2586,27;7,97
WJPY55QVB;434090,5;13,19;70,2;86,81;12486,15;1,49
WLCA21RPR;229942,39;4,37;96,46;95,63;2787,07;5,22
WLFM36VBX;17,98;0,0;100,0;100,0;460,61;115,15
WLFP10LFG;19321,72;0,25;99,49;99,75;514,12;21,02
WLNB78SAN;15509,53;2,52;98,48;97,48;402,21;15,91
WMDB07SPB;165910,08;11,56;91,92;88,44;1073,92;2,56
WMDL15NGL;107232,02;1,06;98,99;98,94;780,85;9,78
WMDT13YIA;24435,58;4,37;95,96;95,63;434,22;5,87
WMEE22MAN;653123,68;0,81;98,99;99,19;16838,61;4,36
WMNM97UWP;81005,36;5,61;94,44;94,39;270,6;3,57
WMOR31GBK;37241,09;8,81;94,44;91,19;203,2;5,11
WNKP07NXO;45722,19;6,98;92,42;93,02;648,69;4,53
WOIJ95CMV;22854,68;0,0;100,0;100,0;800,91;43,23
WPCW36EXB;12711,93;24,13;95,96;75,87;1461,59;11,82
WPXA43ZIE;118843,08;6,5;95,45;93,5;325,3;3,93
WRAV09HIQ;83335,92;0,33;99,49;99,67;2905,33;25,36
WRCW69WHA;138174,19;2,11;98,48;97,89;992,77;3,75
WRDC21OHZ;30651,63;4,72;97,98;95,28;1756,0;9,37
WRQB62IPW;6600,16;0,0;100,0;100,0;1192,44;536,6
WRQN30ZRV;27532,4;6,53;98,48;93,47;226,77;28,2
WSKC91CGX;10154,92;5,71;97,98;94,29;385,43;18,17
WWAS66LVO;103169,84;3,88;97,47;96,12;744,32;2,82
WXYE15FCZ;5215,5;0,0;100,0;100,0;143,31;46,67
WYKF62EEV;29884,76;0,48;98,99;99,52;419,64;14,72
WYOF97JMD;67747,83;6,94;95,96;93,06;814,66;4,69
WYRN17UKQ;5415,05;2,07;98,99;97,93;1103,64;251,17
WZDU50ODQ;9300,11;16,28;96,46;83,72;179,08;10,0
WZMX43SQL;184471,62;5,39;95,45;94,61;682,22;3,22
XAGA79NPV;35398,23;4,72;97,47;95,28;743,64;8,6
XAGC02NKC;20853,03;8,78;97,98;91,22;453,54;21,66
XAKX37DSH;16603,44;5,37;97,47;94,63;674,27;6,06
XBOZ61NGL;2095,01;0,25;99,49;99,75;123,56;20,29
XBVM33BFK;157152,69;1,51;98,48;98,49;1131,91;4,12
XCMA86QNI;157059,28;7,01;94,95;92,99;534,38;4,43
XCPE58EOM;563,27;17,6;97,98;82,4;38,34;21,21
XCZH16DYT;4628,77;0,0;100,0;100,0;2316,14;145,59
XDQL32GCN;8523,41;3,0;99,49;97,0;472,47;93,55
XESF19QOL;205282,72;2,35;97,98;97,65;3728,73;10,25
XEXX13LVG;15041,04;0,0;100,0;100,0;1084,42;105,25
XFSS86ENP;292186,89;17,02;70,2;82,98;6951,62;1,48
XGBN67XBS;0,39;0,0;100,0;100,0;30,02;121,29
XGKR86GEO;3425,73;2,22;99,49;97,78;444,8;195,71
XHTK76QAK;64556,44;3,82;96,46;96,18;699,49;9,86
XIIH75ZKM;27,16;0,0;100,0;100,0;403,21;424,66
XIQQ11DFL;67523,05;10,4;89,9;89,6;491,99;3,03
XLBB96LQB;95662,26;3,24;98,48;96,76;6836,09;5,64
XLPH35HHT;69217,22;3,57;93,94;96,43;1049,85;3,71
XLQC26ZHC;274523,53;0,43;99,49;99,57;8066,27;4,38
XLQS11ZKD;14619,84;3,36;97,98;96,64;355,91;15,17
XMBY37ZYQ;12043,69;0,0;100,0;100,0;1046,55;65,47
XMFY42NTR;30573,61;15,12;92,93;84,88;659,59;4,58
XMPF04PDF;2375,51;1,55;99,49;98,45;423,54;108,63
XMWI66RQU;249113,69;2,71;96,97;97,29;204,05;2,26
XNGH02RHN;9116,47;0,0;100,0;100,0;125,56;10,02
XNJO25EKM;49471,12;9,21;97,98;90,79;2081,31;10,1
XNVP51APW;30972,12;3,58;97,98;96,42;2465,0;11,65
XOAP26UJM;9065,99;1,27;99,49;98,73;800,55;84,13
XOOL57JJV;74256,52;7,74;98,99;92,26;3176,65;15,63
XPGW87THZ;137664,93;17,78;72,22;82,22;736,23;1,31
XPVH47FTK;96989,38;2,77;97,98;97,23;1126,83;6,55
XPWX68SNJ;19007,4;5,31;98,99;94,69;325,58;12,68
XQKF27KMA;7144,51;15,53;96,97;84,47;323,93;3,85
XQUC50NXC;121175,72;0,3;98,99;99,7;5907,52;17,59
XQZP51OET;86732,93;0,0;100,0;100,0;3268,2;6,67
XSHX91DTM;7099,95;1,15;99,49;98,85;741,58;140,64
XTNP80BTF;75714,28;14,76;97,98;85,24;614,65;13,19
XUQS98NZP;50180,61;5,43;95,96;94,57;256,4;3,39
XUVV41MLB;32023,21;0,4;99,49;99,6;1243,69;12,4
XUZZ14ZDP;147794,23;0,93;99,49;99,07;10112,56;6,85
XWYZ22YSM;279761,38;5,52;95,45;94,48;2020,51;3,16
XXAK75IJO;100016,64;10,43;84,34;89,57;360,55;2,38
XXJJ71TAV;42854,93;3,07;98,99;96,93;3436,18;18,14
XZFP32TTX;9361,0;0,0;100,0;100,0;557,39;51,28
YACY00BTH;140050,8;0,46;99,49;99,54;4636,85;6,45
YAIT16NAA;73183,19;18,14;91,41;81,86;1173,91;2,8
YBGR62EID;18615,65;3,11;97,98;96,89;713,25;20,03
YBIF35VSN;6352,51;0,0;100,0;100,0;662,16;18,68
YBXA90GPT;82210,83;0,22;99,49;99,78;4368,0;16,01
YDAS10QVH;12036,67;0,0;100,0;100,0;828,89;36,8
YDCO38ZBK;12660,13;17,96;92,42;82,04;111,79;5,12
YDCT98KJG;99697,62;1,24;97,98;98,76;839,56;4,04
YDGA40PLB;32805,1;6,48;93,94;93,52;276,0;7,35
YEIW32KNI;6,29;0,0;100,0;100,0;113,64;535,71
YEKB64BDP;253264,56;3,56;94,44;96,44;1118,41;2,79
YEPB41JWK;746,92;0,0;100,0;100,0;60,64;39,36
YETI19PZC;53206,21;3,36;97,47;96,64;584,92;6,36
YGCG78ADY;69262,91;52,62;99,49;47,38;5138,75;29,89
YINX18ZNT;14293,22;1,56;98,48;98,44;557,94;8,43
YIRD60PKX;40991,77;2,43;97,47;97,57;543,84;10,12
YJWV38UJM;97870,69;21,18;95,45;78,82;8954,76;4,22
YKAI34NXM;221631,57;5,84;90,91;94,16;3184,42;2,12
YKKF67SRL;17000,78;1,61;98,99;98,39;656,67;9,99
YKKN74YKQ;26189,03;8,04;96,97;91,96;222,35;14,93
YLEK88IIW;170182,53;9,04;93,94;90,96;810,14;2,26
YLFB21NCQ;24919,63;3,26;97,47;96,74;363,08;8,46
YLYH48XYT;10782,63;6,3;98,48;93,7;109,59;10,52
YOLQ59KBB;869737,05;0,54;99,49;99,46;16633,99;5,81
YPPD13THS;8946,15;0,93;99,49;99,07;227,8;52,69
YSHC86IPA;62222,17;3,05;96,97;96,95;669,03;6,73
YSPM28TQQ;194660,74;1,62;98,48;98,38;1302,99;6,24
YTAW64TVM;1307,73;3,06;98,99;96,94;187,02;36,52
YTIG50ZCW;8515,12;14,34;96,97;85,66;119,35;11,89
YUGB62XTR;8,23;0,0;100,0;100,0;171,19;34,73
YUVA79CUQ;51237,63;3,61;97,98;96,39;2534,61;9,48
YWBF87LOB;61811,43;3,26;97,98;96,74;379,24;8,5
YXHD21XCT;45421,64;5,31;97,47;94,69;414,38;11,91
YXJK87KND;4198,36;0,0;100,0;100,0;1516,97;44,07
YXMO56NPP;276038,51;5,6;92,93;94,4;14156,55;3,01
YYAM17YQZ;353856,42;1,39;98,99;98,61;4781,44;10,29
YYXK56YSS;118280,46;0,03;99,49;99,97;1857,33;4,12
YZBJ73ISL;5580,95;0,0;100,0;100,0;240,91;15,56
YZGF02JTH;92696,38;2,1;98,48;97,9;3239,55;8,14
YZGY35ARL;42865,51;6,68;98,48;93,32;454,95;12,87
YZJH39MDL;32006,25;1,19;98,99;98,81;940,73;27,62
ZAFX55LEG;30,92;0,0;100,0;100,0;760,1;179,17
ZAJS51NRK;21048,49;1,36;98,99;98,64;980,67;8,86
ZAKI17WGG;43308,36;0,0;100,0;100,0;944,77;9,87
ZAOU99DZO;851308,26;2,88;95,96;97,12;11295,95;2,93
ZBIZ78JQO;77273,88;0,38;98,99;99,62;1204,53;9,44
ZBKD72AIO;87352,62;2,19;97,98;97,81;912,73;9,23
ZBNK45BHA;14959,94;0,0;100,0;100,0;753,66;58,29
ZBWM41KQW;5631,99;0,0;100,0;100,0;822,14;299,24
ZCDP01RZO;32957,68;26,89;98,99;73,11;520,2;26,01
ZCKS76OQU;135098,5;3,81;94,95;96,19;3795,05;2,77
ZCNT51XDU;145501,73;3,9;98,48;96,1;5802,82;7,66
ZCSV17DFX;57572,33;0,23;99,49;99,77;829,7;9,25
ZDBX62FOM;46599,62;1,55;98,99;98,45;879,39;11,28
ZDMH03JTE;53252,68;5,45;94,95;94,55;737,74;4,65
ZDMU95TTO;117162,68;3,29;97,98;96,71;609,24;5,39
ZEAI51VKB;5672,35;0,0;100,0;100,0;821,58;290,49
ZEKA34BVX;65804,62;2,7;98,48;97,3;342,37;6,32
ZERH99KAQ;112036,7;1,12;98,99;98,88;998,73;5,4
ZFCY02ZGI;202988,97;4,22;96,46;95,78;622,0;3,78
ZFKE25UCK;22945,27;1,37;97,98;98,63;1668,96;5,73
ZFXO54RLM;2298,72;2,15;99,49;97,85;606,36;46,84
ZHSA25SOD;39333,95;1,91;97,98;98,09;1087,83;8,63
ZICK63WUE;13448,6;0,0;100,0;100,0;875,98;57,28
ZJDO50HTQ;154030,33;4,49;98,48;95,51;588,93;6,75
ZJWB04DUR;172945,1;2,89;95,96;97,11;1351,06;4,18
ZKJJ87WBB;74517,85;6,61;96,97;93,39;2116,3;14,29
ZKRS66KLZ;1878,92;7,68;98,99;92,32;24,18;6,81
ZKVK48OXP;4858,06;11,94;98,99;88,06;421,91;89,06
ZLHQ75JJK;124283,99;4,39;94,44;95,61;1690,87;2,61
ZLRR37REL;33055,51;1,8;98,99;98,2;310,65;5,65
ZMIX82SHC;14052,76;0,27;99,49;99,73;528,14;34,86
ZNTJ72IAD;2988,94;0,45;99,49;99,55;242,76;36,25
ZODR48UZF;30646,07;14,89;93,94;85,11;863,12;6,5
ZOEH73XWO;32144,51;6,48;97,47;93,52;417,7;6,47
ZPLH72DJP;2168,72;0,0;100,0;100,0;278,54;57,45
ZQEK04CLF;107734,63;5,51;96,46;94,49;305,45;5,79
ZQRJ33XER;27751,27;5,74;97,98;94,26;488,12;13,89
ZQWS51GKN;30136,46;6,28;94,44;93,72;505,68;6,15
ZRFO13RPW;38761,49;10,99;94,44;89,01;712,38;8,21
ZTMK96JEF;19724,77;1,01;98,99;98,99;544,27;18,09
ZTRL00OJP;94146,46;2,92;97,98;97,08;241,07;6,93
ZTUA71BLR;973,91;0,0;100,0;100,0;111,79;35,64
ZTUB51AZW;240463,9;6,12;90,4;93,88;793,24;1,82
ZUXX81MNQ;13870,43;15,59;96,46;84,41;779,85;14,73
ZWPB56MNX;2902,82;0,0;100,0;100,0;432,18;792,33
ZXAB14DIP;126023,73;7,25;96,46;92,75;8402,19;3,81
ZXCQ63DNK;3367,18;0,0;100,0;100,0;820,12;307,55
ZXKZ02XRQ;40451,17;2,28;98,48;97,72;741,75;13,47
ZYPW44SXH;15061,82;36,23;98,48;63,77;1097,33;16,01
ZZDK42XBB;219815,96;1,35;96,97;98,65;2493,46;3,36
ZZFK95OMA;34451,04;2,12;98,48;97,88;331,92;9,3
ZZLX71BEM;151259,31;6,4;96,46;93,6;562,37;3,92
ZZUF86MEV;3572,56;0,0;100,0;100,0;689,76;91,05
